{
  "skins": {
    "0a15881a-5d49-38be-8130-84c2fd191980": {
      "forced": true,
      "model": "UwsBAQQwL2dpdDpNYXRoZXdzaW4xL2IyZjhhMjIyYTNlMWJiNTMxNWU3MDJlMmE0ODM3ZTQwAAAOeA\u003d\u003d"
    },
    "ed903cd7-2e3b-3977-b0f5-07fad8a4ffe0": {
      "forced": true,
      "model": "UwsBAQQwL2dpdDpNYXRoZXdzaW4xLzM3M2EyMThhZjY1Zjg4YjZlNjBjN2FlMjAzYmYyMmUxAAAOuQ\u003d\u003d"
    }
  },
  "player_scaling": {
    "0a15881a-5d49-38be-8130-84c2fd191980": {
      "motion": 1.0,
      "flight": 1.0,
      "asp": 1.0,
      "akb": 1.0,
      "attack": 1.0,
      "defense": 1.0,
      "health": 1.0,
      "mob_vis": 1.0,
      "kbr": 1.0
    },
    "ed903cd7-2e3b-3977-b0f5-07fad8a4ffe0": {
      "motion": 1.0,
      "flight": 1.0,
      "asp": 1.0,
      "akb": 1.0,
      "attack": 1.0,
      "defense": 1.0,
      "health": 1.0,
      "mob_vis": 1.0,
      "kbr": 1.0
    }
  },
  "player_scaling_settings": {},
  "scaling_settings": {
    "motion": {},
    "mob_visibility": {},
    "defense": {},
    "attack_knockback": {},
    "flight_speed": {},
    "knockback_resist": {},
    "health": {},
    "attack_speed": {},
    "attack_dmg": {}
  }
}