{
  "skins": {},
  "player_scaling": {
    "78e769e0-b26a-4b5e-a81f-4a0b67a35cdd": {
      "motion": 1.0,
      "flight": 1.0,
      "asp": 1.0,
      "akb": 1.0,
      "attack": 1.0,
      "defense": 1.0,
      "health": 1.0,
      "mob_vis": 1.0,
      "kbr": 1.0
    }
  },
  "player_scaling_settings": {},
  "scaling_settings": {
    "motion": {},
    "mob_visibility": {},
    "defense": {},
    "attack_knockback": {},
    "flight_speed": {},
    "knockback_resist": {},
    "health": {},
    "attack_speed": {},
    "attack_dmg": {}
  }
}