{"stats":{"minecraft:killed":{"minecraft:iron_golem":1,"minecraft:sheep":3,"minecraft:stray":1},"minecraft:dropped":{"minecraft:wheat_seeds":1,"minecraft:cobblestone":3,"minecraft:granite":2,"minecraft:cooked_mutton":2,"minecraft:poppy":1,"minecraft:leather_leggings":1,"minecraft:paper":3,"minecraft:spruce_sapling":1},"minecraft:broken":{"minecraft:stone_axe":1},"minecraft:crafted":{"minecraft:crafting_table":2,"minecraft:spruce_planks":160,"minecraft:spruce_button":1,"minecraft:wooden_pickaxe":1,"minecraft:furnace":1,"minecraft:bone_meal":6,"minecraft:stone_axe":1,"minecraft:cooked_mutton":4,"minecraft:air":0,"minecraft:paper":3,"minecraft:shield":1,"minecraft:stick":12,"minecraft:iron_ingot":6,"minecraft:iron_pickaxe":1,"minecraft:stone_pickaxe":1,"minecraft:iron_shovel":1,"minecraft:gold_ingot":9,"minecraft:white_bed":1},"minecraft:custom":{"minecraft:interact_with_furnace":10,"minecraft:mob_kills":5,"minecraft:interact_with_crafting_table":11,"minecraft:open_barrel":3,"minecraft:leave_game":3,"minecraft:time_since_death":39484,"minecraft:sleep_in_bed":2,"minecraft:time_since_rest":10675,"minecraft:sprint_one_cm":112394,"minecraft:damage_taken":80,"minecraft:walk_one_cm":54855,"minecraft:drop":9,"minecraft:damage_dealt":1244,"minecraft:swim_one_cm":7488,"minecraft:fly_one_cm":237420,"minecraft:open_chest":4,"minecraft:crouch_one_cm":9895,"minecraft:play_time":39484,"minecraft:sneak_time":3881,"minecraft:walk_under_water_one_cm":3398,"minecraft:jump":967,"minecraft:walk_on_water_one_cm":2096,"minecraft:total_world_time":39484,"minecraft:fall_one_cm":21995},"minecraft:used":{"minecraft:moss_block":4,"minecraft:cooked_mutton":6,"minecraft:iron_shovel":42,"minecraft:stone_pickaxe":66,"minecraft:spruce_planks":152,"minecraft:wooden_pickaxe":4,"minecraft:sandstone":3,"minecraft:blue_bed":3,"minecraft:dirt":1,"minecraft:sand":4,"minecraft:crafting_table":7,"minecraft:red_bed":1,"minecraft:white_bed":11,"minecraft:spruce_log":1,"minecraft:spruce_button":1,"minecraft:iron_pickaxe":1,"minecraft:spruce_sapling":4,"minecraft:stone_axe":117,"minecraft:furnace":2,"minecraft:bone_meal":6},"minecraft:picked_up":{"minecraft:crafting_table":5,"minecraft:potato":1,"minecraft:gold_block":1,"minecraft:brewing_stand":1,"minecraft:blue_bed":3,"minecraft:dirt":27,"minecraft:red_bed":1,"minecraft:bone":2,"minecraft:wheat_seeds":1,"minecraft:spruce_planks":19,"minecraft:iron_ingot":4,"minecraft:poppy":1,"minecraft:sugar_cane":21,"minecraft:furnace":4,"minecraft:stick":6,"minecraft:raw_iron":22,"minecraft:sandstone":3,"minecraft:sand":4,"minecraft:spruce_sapling":6,"minecraft:blast_furnace":1,"minecraft:white_bed":10,"minecraft:spruce_log":41,"minecraft:granite":2,"minecraft:mutton":4,"minecraft:coal":24,"minecraft:snowball":2,"minecraft:white_wool":3,"minecraft:cobblestone":17},"minecraft:mined":{"minecraft:spruce_planks":19,"minecraft:white_bed":10,"minecraft:red_bed":1,"minecraft:brewing_stand":1,"minecraft:crafting_table":7,"minecraft:granite":2,"minecraft:blast_furnace":1,"minecraft:grass_block":39,"minecraft:poppy":1,"minecraft:spruce_leaves":39,"minecraft:sugar_cane":6,"minecraft:sandstone":3,"minecraft:blue_bed":3,"minecraft:furnace":4,"minecraft:snow":3,"minecraft:iron_ore":14,"minecraft:wheat":1,"minecraft:spruce_log":42,"minecraft:gold_block":1,"minecraft:potatoes":1,"minecraft:coal_ore":18,"minecraft:sand":4,"minecraft:dirt":2,"minecraft:packed_ice":2,"minecraft:stone":18}},"DataVersion":3953}