{"stats":{"minecraft:killed":{"minecraft:horse":3},"minecraft:custom":{"minecraft:mob_kills":3,"minecraft:leave_game":67,"minecraft:time_since_death":62717,"minecraft:damage_resisted":248,"minecraft:sprint_one_cm":2350760,"minecraft:walk_one_cm":1885097,"minecraft:drop":423,"minecraft:damage_dealt_absorbed":3786,"minecraft:play_time":1427198,"minecraft:deaths":201,"minecraft:sneak_time":75820,"minecraft:walk_under_water_one_cm":1024,"minecraft:jump":15717,"minecraft:walk_on_water_one_cm":899,"minecraft:total_world_time":1427198,"minecraft:time_since_rest":63612,"minecraft:damage_taken":88722,"minecraft:damage_absorbed":2878,"minecraft:trigger_trapped_chest":8,"minecraft:damage_dealt":16410,"minecraft:fly_one_cm":9301384,"minecraft:player_kills":246,"minecraft:crouch_one_cm":184746,"minecraft:fall_one_cm":248356,"minecraft:horse_one_cm":105029},"minecraft:dropped":{"pointblank:shotgun1":5,"minecraft:bread":249,"minecraft:iron_sword":12,"pointblank:shotgunammo1":641,"pointblank:shotgun2":2,"pointblank:pistolammo1":1409,"minecraft:cooked_beef":257,"pointblank:cantimplora":6,"minecraft:baked_potato":576,"pointblank:m4sopmodii":2,"minecraft:glass_bottle":7,"pointblank:uar10":2,"minecraft:diamond_leggings":12,"pointblank:glock17":2,"pointblank:deserteagle":6,"minecraft:iron_helmet":7,"minecraft:cobblestone":3089,"minecraft:saddle":1,"minecraft:chainmail_helmet":3,"minecraft:golden_apple":397,"pointblank:sniperammo1":289,"pointblank:ammocreative":2521,"pointblank:pistol1":5,"pointblank:riffleammo1":2625,"minecraft:diamond_helmet":12,"minecraft:potion":23,"minecraft:iron_leggings":6,"minecraft:iron_axe":12,"minecraft:iron_pickaxe":9,"minecraft:chainmail_leggings":3,"pointblank:g41":3,"pointblank:botiquin":1,"pointblank:vendaje":1,"pointblank:hmadeammo1":1,"pointblank:sniper2":1,"minecraft:iron_boots":6,"minecraft:enchanted_golden_apple":2,"pointblank:sl8":1,"pointblank:spas12":2,"minecraft:totem_of_undying":1,"minecraft:chainmail_chestplate":3,"pointblank:pistol2":5,"minecraft:trident":4,"minecraft:diamond_chestplate":11,"minecraft:iron_chestplate":6,"minecraft:diamond_pickaxe":2,"minecraft:chainmail_boots":3,"pointblank:sniper1":5,"minecraft:diamond_boots":12,"pointblank:jeringa":1,"pointblank:pistol3":1,"pointblank:rifle2":5},"minecraft:broken":{"minecraft:diamond_chestplate":2,"minecraft:diamond_helmet":4,"minecraft:diamond_leggings":2,"minecraft:diamond_boots":3,"minecraft:iron_helmet":2},"minecraft:picked_up":{"pointblank:ammocreative":1586,"minecraft:iron_chestplate":8,"pointblank:hmadeammo1":1,"minecraft:wither_rose":1,"minecraft:potion":37,"framedblocks:framed_sign":3,"minecraft:iron_axe":9,"minecraft:iron_leggings":8,"pointblank:sniper1":2,"pointblank:vendaje":2,"minecraft:diamond_leggings":2,"minecraft:spruce_planks":7,"pointblank:rifle2":1,"pointblank:g41":6,"minecraft:iron_pickaxe":1,"minecraft:iron_boots":8,"minecraft:quartz_pillar":3,"pointblank:shotgun1":1,"pointblank:shotgun2":2,"pointblank:sniperammo1":129,"minecraft:diamond_chestplate":2,"minecraft:diamond_boots":2,"minecraft:saddle":3,"minecraft:cobblestone":755,"minecraft:cooked_beef":32,"pointblank:pistol1":3,"minecraft:leather":4,"pointblank:pistol2":2,"minecraft:birch_planks":4,"pointblank:pistolammo1":1601,"minecraft:dirt":31,"pointblank:deserteagle":6,"minecraft:diamond_helmet":2,"minecraft:glass_bottle":14,"minecraft:iron_sword":7,"minecraft:dark_oak_stairs":1,"pointblank:glock17":4,"pointblank:shotgunammo1":128,"pointblank:aughbar":1,"minecraft:crimson_stairs":1,"pointblank:jeringa":2,"pointblank:riffleammo1":257,"pointblank:pistol3":1,"pointblank:botiquin":2,"minecraft:iron_helmet":9,"pointblank:sniper2":1,"minecraft:golden_apple":120,"minecraft:bread":341,"pointblank:sl8":2,"pointblank:uar10":4,"minecraft:diamond_pickaxe":5},"minecraft:killed_by":{"minecraft:player":201},"minecraft:mined":{"minecraft:grass_block":7,"minecraft:cobblestone":171,"minecraft:wither_rose":1,"minecraft:grass":11},"minecraft:used":{"minecraft:trident":4,"huntrun_decorative:llantas":98,"huntrun_decorative:rocks":64,"minecraft:iron_bars":7,"huntrun_decorative:escalera":56,"minecraft:red_concrete":23,"minecraft:stone":262,"minecraft:iron_sword":476,"minecraft:red_nether_brick_stairs":12,"minecraft:grass":796,"huntrun_decorative:llanta_2":120,"minecraft:spruce_leaves":18,"minecraft:soul_sand":184,"minecraft:dirt":82,"minecraft:red_nether_brick_slab":3,"huntrun_decorative:tablas":116,"minecraft:chainmail_chestplate":1,"minecraft:cobblestone_wall":2,"huntrun_decorative:orangecontainer":125,"huntrun_decorative:palo_6":7,"huntrun_decorative:palo_8":10,"minecraft:dark_oak_planks":4,"huntrun_decorative:palo_4":11,"minecraft:grass_block":248,"minecraft:lantern":10,"minecraft:iron_axe":16,"minecraft:dark_oak_leaves":1,"framedblocks:framed_sign":5,"minecraft:red_nether_brick_wall":7,"minecraft:bow":1,"minecraft:white_stained_glass_pane":2,"huntrun_decorative:palo_5":24,"huntrun_decorative:palo_1":25,"minecraft:cooked_beef":182,"minecraft:cobbled_deepslate":3,"minecraft:orange_terracotta":13,"minecraft:powder_snow_bucket":9,"minecraft:enchanted_golden_apple":2,"huntrun_decorative:troncos_3":36,"huntrun_decorative:rampa_1":28,"huntrun_decorative:bluecontainer":91,"minecraft:quartz_bricks":10,"minecraft:dark_oak_stairs":3,"minecraft:water_bucket":30,"minecraft:mangrove_wood":64,"minecraft:cobblestone_stairs":57,"minecraft:dirt_path":2,"minecraft:birch_planks":12,"minecraft:dark_oak_sign":11,"minecraft:baked_potato":130,"minecraft:red_nether_bricks":1,"huntrun_decorative:plato":10,"minecraft:chainmail_helmet":1,"minecraft:white_dye":11,"minecraft:glow_ink_sac":11,"minecraft:horse_spawn_egg":5,"huntrun_decorative:mesa":13,"framedblocks:framed_wall":6,"minecraft:golden_apple":150,"huntrun_decorative:mesa_2":8,"huntrun_decorative:comida":25,"minecraft:terracotta":1,"minecraft:light_blue_concrete":37,"huntrun_decorative:stuff":62,"huntrun_decorative:palo_2":20,"minecraft:chiseled_quartz_block":40,"minecraft:gray_concrete":13,"minecraft:end_stone":5,"minecraft:spruce_log":31,"huntrun_decorative:troncos_2":28,"huntrun_decorative:platopila":22,"minecraft:oak_log":4,"huntrun_decorative:palo_3":18,"minecraft:diamond_pickaxe":61,"minecraft:command_block":10,"minecraft:birch_slab":1,"minecraft:iron_pickaxe":111,"huntrun_decorative:cubiertos":20,"minecraft:bread":86,"minecraft:stone_button":7,"minecraft:warped_slab":98,"huntrun_decorative:revistas":81,"minecraft:deepslate":1,"huntrun_decorative:palo_7":31,"huntrun_decorative:tablas_2":121,"huntrun_decorative:plato_restos":21,"minecraft:cobblestone":1149,"minecraft:potion":18,"minecraft:chainmail_boots":1,"huntrun_decorative:troncos":38,"minecraft:wither_rose":2,"huntrun_decorative:llanta":128,"huntrun_decorative:mesa_3":10,"minecraft:coarse_dirt":36,"huntrun_decorative:rampa_3":19,"minecraft:splash_potion":3,"huntrun_decorative:silla":121,"minecraft:cobweb":24,"minecraft:chainmail_leggings":1}},"DataVersion":3337}