{"stats":{"minecraft:dropped":{"pointblank:shotgun1":3,"minecraft:bread":249,"minecraft:iron_sword":8,"pointblank:shotgunammo1":257,"pointblank:shotgun2":2,"pointblank:cantimplora":4,"minecraft:cooked_beef":193,"pointblank:pistolammo1":769,"minecraft:baked_potato":256,"pointblank:m4sopmodii":2,"minecraft:glass_bottle":7,"pointblank:uar10":2,"minecraft:diamond_leggings":7,"pointblank:glock17":2,"pointblank:deserteagle":6,"minecraft:iron_helmet":7,"minecraft:cobblestone":1809,"minecraft:saddle":1,"minecraft:chainmail_helmet":1,"minecraft:golden_apple":323,"pointblank:sniperammo1":65,"pointblank:ammocreative":2521,"pointblank:pistol1":5,"pointblank:riffleammo1":769,"minecraft:diamond_helmet":7,"minecraft:potion":23,"minecraft:iron_leggings":6,"minecraft:iron_axe":8,"minecraft:iron_pickaxe":5,"minecraft:chainmail_leggings":1,"pointblank:g41":3,"pointblank:botiquin":1,"pointblank:vendaje":1,"pointblank:hmadeammo1":1,"pointblank:sniper2":1,"minecraft:iron_boots":6,"pointblank:sl8":1,"pointblank:spas12":2,"minecraft:totem_of_undying":1,"minecraft:chainmail_chestplate":1,"pointblank:pistol2":3,"minecraft:trident":4,"minecraft:diamond_chestplate":7,"minecraft:iron_chestplate":6,"minecraft:diamond_pickaxe":2,"minecraft:chainmail_boots":1,"pointblank:sniper1":3,"minecraft:diamond_boots":7,"pointblank:jeringa":1,"pointblank:pistol3":1,"pointblank:rifle2":3},"minecraft:killed_by":{"minecraft:player":169},"minecraft:mined":{"minecraft:grass_block":7,"minecraft:cobblestone":81,"minecraft:wither_rose":1,"minecraft:grass":9},"minecraft:picked_up":{"pointblank:ammocreative":1586,"minecraft:iron_chestplate":8,"pointblank:hmadeammo1":1,"minecraft:wither_rose":1,"minecraft:potion":37,"framedblocks:framed_sign":3,"minecraft:iron_axe":8,"minecraft:iron_leggings":8,"pointblank:sniper1":2,"pointblank:vendaje":1,"minecraft:diamond_leggings":2,"minecraft:spruce_planks":7,"pointblank:rifle2":1,"pointblank:g41":6,"minecraft:iron_boots":8,"minecraft:quartz_pillar":3,"pointblank:shotgun1":1,"pointblank:shotgun2":2,"pointblank:sniperammo1":129,"minecraft:diamond_chestplate":2,"minecraft:diamond_boots":2,"minecraft:saddle":3,"minecraft:cobblestone":584,"pointblank:pistol1":3,"minecraft:leather":4,"pointblank:pistol2":2,"minecraft:birch_planks":4,"pointblank:pistolammo1":897,"minecraft:dirt":31,"pointblank:deserteagle":6,"minecraft:diamond_helmet":2,"minecraft:glass_bottle":14,"minecraft:iron_sword":6,"minecraft:dark_oak_stairs":1,"pointblank:glock17":4,"pointblank:aughbar":1,"minecraft:crimson_stairs":1,"pointblank:jeringa":1,"pointblank:riffleammo1":1,"pointblank:pistol3":1,"pointblank:botiquin":1,"minecraft:iron_helmet":9,"pointblank:sniper2":1,"minecraft:golden_apple":88,"minecraft:bread":341,"pointblank:sl8":2,"pointblank:uar10":4,"minecraft:diamond_pickaxe":5},"minecraft:used":{"minecraft:trident":4,"huntrun_decorative:llantas":19,"huntrun_decorative:rocks":64,"minecraft:iron_bars":7,"minecraft:red_concrete":23,"minecraft:stone":262,"minecraft:iron_sword":385,"minecraft:red_nether_brick_stairs":12,"minecraft:grass":796,"huntrun_decorative:llanta_2":28,"minecraft:spruce_leaves":18,"minecraft:dirt":82,"minecraft:soul_sand":184,"huntrun_decorative:tablas":13,"minecraft:chainmail_chestplate":1,"minecraft:cobblestone_wall":2,"huntrun_decorative:palo_6":7,"huntrun_decorative:palo_8":10,"minecraft:dark_oak_planks":4,"huntrun_decorative:palo_4":11,"minecraft:lantern":10,"minecraft:grass_block":246,"minecraft:iron_axe":12,"minecraft:dark_oak_leaves":1,"framedblocks:framed_sign":5,"minecraft:red_nether_brick_wall":7,"minecraft:white_stained_glass_pane":2,"huntrun_decorative:palo_5":24,"huntrun_decorative:palo_1":25,"minecraft:cooked_beef":182,"minecraft:cobbled_deepslate":3,"minecraft:powder_snow_bucket":9,"minecraft:orange_terracotta":13,"huntrun_decorative:rampa_1":28,"huntrun_decorative:bluecontainer":1,"minecraft:quartz_bricks":10,"minecraft:dark_oak_stairs":3,"minecraft:water_bucket":30,"minecraft:mangrove_wood":63,"minecraft:cobblestone_stairs":57,"minecraft:dirt_path":2,"minecraft:birch_planks":10,"minecraft:dark_oak_sign":11,"minecraft:baked_potato":45,"huntrun_decorative:plato":10,"minecraft:chainmail_helmet":1,"minecraft:white_dye":11,"minecraft:glow_ink_sac":11,"minecraft:horse_spawn_egg":5,"huntrun_decorative:mesa":13,"framedblocks:framed_wall":6,"minecraft:golden_apple":132,"huntrun_decorative:mesa_2":8,"huntrun_decorative:comida":25,"minecraft:terracotta":1,"minecraft:light_blue_concrete":37,"huntrun_decorative:palo_2":20,"minecraft:chiseled_quartz_block":40,"minecraft:gray_concrete":13,"minecraft:end_stone":1,"minecraft:spruce_log":18,"huntrun_decorative:platopila":22,"huntrun_decorative:palo_3":18,"minecraft:diamond_pickaxe":61,"minecraft:command_block":10,"minecraft:birch_slab":1,"huntrun_decorative:cubiertos":20,"minecraft:iron_pickaxe":21,"minecraft:bread":86,"minecraft:warped_slab":97,"minecraft:stone_button":7,"minecraft:deepslate":1,"huntrun_decorative:palo_7":31,"huntrun_decorative:tablas_2":13,"huntrun_decorative:plato_restos":21,"minecraft:cobblestone":917,"minecraft:potion":18,"minecraft:chainmail_boots":1,"minecraft:wither_rose":2,"huntrun_decorative:llanta":77,"huntrun_decorative:mesa_3":10,"minecraft:coarse_dirt":36,"huntrun_decorative:rampa_3":19,"huntrun_decorative:silla":10,"minecraft:splash_potion":3,"minecraft:cobweb":24,"minecraft:chainmail_leggings":1},"minecraft:broken":{"minecraft:diamond_chestplate":2,"minecraft:diamond_helmet":4,"minecraft:diamond_leggings":2,"minecraft:diamond_boots":3,"minecraft:iron_helmet":2},"minecraft:killed":{"minecraft:horse":3},"minecraft:custom":{"minecraft:mob_kills":3,"minecraft:leave_game":51,"minecraft:time_since_death":135839,"minecraft:sprint_one_cm":1982321,"minecraft:walk_one_cm":1543021,"minecraft:drop":292,"minecraft:damage_dealt_absorbed":2971,"minecraft:play_time":1245769,"minecraft:deaths":169,"minecraft:sneak_time":60418,"minecraft:walk_under_water_one_cm":1024,"minecraft:jump":13181,"minecraft:walk_on_water_one_cm":899,"minecraft:total_world_time":1245769,"minecraft:time_since_rest":135872,"minecraft:damage_taken":77719,"minecraft:damage_absorbed":2160,"minecraft:trigger_trapped_chest":8,"minecraft:damage_dealt":13245,"minecraft:fly_one_cm":7939632,"minecraft:player_kills":199,"minecraft:crouch_one_cm":141996,"minecraft:fall_one_cm":204825,"minecraft:horse_one_cm":105029}},"DataVersion":3337}