{"stats":{"minecraft:picked_up":{"pointblank:ammocreative":1522,"minecraft:iron_chestplate":8,"minecraft:leather":4,"minecraft:birch_planks":4,"minecraft:potion":37,"framedblocks:framed_sign":3,"minecraft:dirt":24,"minecraft:iron_axe":8,"minecraft:iron_leggings":8,"pointblank:deserteagle":6,"pointblank:g41":6,"minecraft:glass_bottle":14,"minecraft:iron_sword":5,"minecraft:dark_oak_stairs":1,"minecraft:iron_boots":8,"pointblank:glock17":4,"minecraft:crimson_stairs":1,"minecraft:quartz_pillar":3,"minecraft:iron_helmet":9,"minecraft:golden_apple":88,"minecraft:saddle":3,"minecraft:bread":341,"pointblank:sl8":2,"pointblank:uar10":4,"minecraft:diamond_pickaxe":5,"minecraft:cobblestone":567},"minecraft:killed_by":{"minecraft:player":4},"minecraft:used":{"minecraft:dark_oak_stairs":3,"minecraft:mangrove_wood":62,"minecraft:cobblestone_stairs":50,"minecraft:birch_planks":10,"minecraft:stone":242,"minecraft:iron_sword":141,"minecraft:red_nether_brick_stairs":10,"minecraft:grass":722,"minecraft:horse_spawn_egg":5,"framedblocks:framed_wall":6,"minecraft:spruce_leaves":18,"minecraft:golden_apple":26,"minecraft:dirt":13,"minecraft:terracotta":1,"minecraft:chiseled_quartz_block":4,"minecraft:end_stone":1,"minecraft:dark_oak_planks":4,"minecraft:diamond_pickaxe":61,"minecraft:grass_block":171,"minecraft:iron_axe":1,"minecraft:bread":86,"minecraft:warped_slab":59,"minecraft:dark_oak_leaves":1,"minecraft:deepslate":1,"framedblocks:framed_sign":5,"minecraft:red_nether_brick_wall":7,"minecraft:cobblestone":403,"minecraft:potion":18,"minecraft:coarse_dirt":5,"minecraft:cobbled_deepslate":3},"minecraft:custom":{"minecraft:mob_kills":3,"minecraft:time_since_death":85623,"minecraft:time_since_rest":85647,"minecraft:walk_one_cm":281113,"minecraft:sprint_one_cm":197549,"minecraft:damage_taken":18061,"minecraft:damage_absorbed":240,"minecraft:drop":105,"minecraft:damage_dealt":5468,"minecraft:damage_dealt_absorbed":479,"minecraft:fly_one_cm":2722570,"minecraft:player_kills":6,"minecraft:crouch_one_cm":21382,"minecraft:play_time":155880,"minecraft:deaths":4,"minecraft:sneak_time":15052,"minecraft:jump":1682,"minecraft:total_world_time":155880,"minecraft:fall_one_cm":26446,"minecraft:horse_one_cm":105029},"minecraft:mined":{"minecraft:cobblestone":61},"minecraft:dropped":{"minecraft:bread":249,"minecraft:iron_sword":2,"minecraft:glass_bottle":7,"pointblank:uar10":2,"pointblank:glock17":2,"pointblank:deserteagle":3,"minecraft:iron_helmet":7,"minecraft:cobblestone":401,"minecraft:iron_boots":6,"pointblank:sl8":1,"minecraft:saddle":1,"minecraft:totem_of_undying":1,"minecraft:golden_apple":85,"pointblank:ammocreative":857,"minecraft:iron_chestplate":6,"minecraft:diamond_pickaxe":2,"minecraft:potion":23,"minecraft:iron_leggings":6,"minecraft:iron_axe":3,"pointblank:g41":3},"minecraft:broken":{"minecraft:iron_helmet":2},"minecraft:killed":{"minecraft:horse":3}},"DataVersion":3337}