{"stats":{"minecraft:killed":{"minecraft:horse":3},"minecraft:broken":{"minecraft:diamond_boots":3,"minecraft:diamond_chestplate":2,"minecraft:diamond_helmet":4,"minecraft:iron_helmet":2,"minecraft:diamond_leggings":2},"minecraft:killed_by":{"minecraft:player":168},"minecraft:mined":{"minecraft:grass_block":7,"minecraft:cobblestone":81,"minecraft:wither_rose":1,"minecraft:grass":9},"minecraft:custom":{"minecraft:mob_kills":3,"minecraft:leave_game":31,"minecraft:time_since_death":95725,"minecraft:time_since_rest":95755,"minecraft:damage_taken":76536,"minecraft:sprint_one_cm":1737359,"minecraft:damage_absorbed":2117,"minecraft:walk_one_cm":1429411,"minecraft:trigger_trapped_chest":8,"minecraft:drop":235,"minecraft:damage_dealt":13230,"minecraft:damage_dealt_absorbed":2901,"minecraft:fly_one_cm":6939345,"minecraft:player_kills":197,"minecraft:crouch_one_cm":125167,"minecraft:play_time":1079038,"minecraft:deaths":168,"minecraft:sneak_time":51561,"minecraft:walk_under_water_one_cm":1024,"minecraft:jump":11375,"minecraft:walk_on_water_one_cm":899,"minecraft:total_world_time":1079038,"minecraft:fall_one_cm":194810,"minecraft:horse_one_cm":105029},"minecraft:dropped":{"pointblank:shotgun1":1,"minecraft:bread":249,"pointblank:shotgunammo1":128,"minecraft:iron_sword":7,"minecraft:baked_potato":192,"pointblank:pistolammo1":448,"minecraft:cooked_beef":193,"pointblank:cantimplora":2,"pointblank:m4sopmodii":2,"minecraft:glass_bottle":7,"pointblank:uar10":2,"pointblank:glock17":2,"minecraft:diamond_leggings":5,"pointblank:deserteagle":6,"minecraft:iron_helmet":7,"minecraft:cobblestone":1553,"minecraft:iron_boots":6,"pointblank:sl8":1,"pointblank:spas12":2,"minecraft:saddle":1,"minecraft:totem_of_undying":1,"minecraft:chainmail_helmet":1,"minecraft:golden_apple":290,"pointblank:sniperammo1":64,"minecraft:chainmail_chestplate":1,"pointblank:ammocreative":2521,"pointblank:pistol1":2,"pointblank:pistol2":2,"minecraft:trident":4,"pointblank:riffleammo1":256,"minecraft:diamond_chestplate":5,"minecraft:diamond_pickaxe":2,"minecraft:iron_chestplate":6,"minecraft:chainmail_boots":1,"minecraft:diamond_helmet":5,"minecraft:potion":23,"minecraft:iron_leggings":6,"pointblank:sniper1":2,"minecraft:diamond_boots":5,"minecraft:iron_axe":7,"minecraft:iron_pickaxe":4,"minecraft:chainmail_leggings":1,"pointblank:rifle2":1,"pointblank:g41":3},"minecraft:picked_up":{"pointblank:ammocreative":1586,"minecraft:iron_chestplate":8,"pointblank:pistol1":1,"minecraft:leather":4,"minecraft:birch_planks":4,"pointblank:pistol2":1,"minecraft:wither_rose":1,"minecraft:potion":37,"framedblocks:framed_sign":3,"pointblank:pistolammo1":832,"minecraft:dirt":31,"minecraft:iron_axe":8,"minecraft:iron_leggings":8,"pointblank:sniper1":1,"pointblank:deserteagle":6,"minecraft:diamond_leggings":2,"minecraft:spruce_planks":7,"pointblank:g41":6,"minecraft:diamond_helmet":2,"minecraft:glass_bottle":14,"minecraft:iron_sword":6,"minecraft:dark_oak_stairs":1,"minecraft:iron_boots":8,"pointblank:glock17":4,"pointblank:aughbar":1,"minecraft:crimson_stairs":1,"minecraft:quartz_pillar":3,"pointblank:sniperammo1":128,"minecraft:diamond_chestplate":2,"minecraft:diamond_boots":2,"minecraft:iron_helmet":9,"minecraft:golden_apple":88,"minecraft:saddle":3,"minecraft:bread":341,"pointblank:uar10":4,"pointblank:sl8":2,"minecraft:cobblestone":584,"minecraft:diamond_pickaxe":5},"minecraft:used":{"minecraft:water_bucket":28,"minecraft:quartz_bricks":10,"minecraft:trident":4,"minecraft:dark_oak_stairs":3,"minecraft:mangrove_wood":63,"minecraft:iron_bars":7,"minecraft:dirt_path":2,"minecraft:cobblestone_stairs":50,"minecraft:baked_potato":37,"minecraft:birch_planks":10,"minecraft:red_concrete":23,"minecraft:dark_oak_sign":11,"minecraft:stone":242,"minecraft:iron_sword":385,"minecraft:chainmail_helmet":1,"minecraft:white_dye":11,"minecraft:red_nether_brick_stairs":12,"minecraft:glow_ink_sac":11,"minecraft:grass":783,"minecraft:horse_spawn_egg":5,"framedblocks:framed_wall":6,"minecraft:spruce_leaves":18,"minecraft:golden_apple":122,"minecraft:soul_sand":19,"minecraft:dirt":79,"minecraft:terracotta":1,"minecraft:light_blue_concrete":37,"minecraft:chainmail_chestplate":1,"minecraft:cobblestone_wall":2,"minecraft:chiseled_quartz_block":40,"minecraft:gray_concrete":13,"minecraft:end_stone":1,"minecraft:spruce_log":18,"minecraft:dark_oak_planks":4,"minecraft:diamond_pickaxe":61,"minecraft:command_block":10,"minecraft:birch_slab":1,"minecraft:iron_pickaxe":21,"minecraft:iron_axe":12,"minecraft:grass_block":245,"minecraft:bread":86,"minecraft:stone_button":7,"minecraft:warped_slab":59,"minecraft:dark_oak_leaves":1,"minecraft:deepslate":1,"framedblocks:framed_sign":5,"minecraft:red_nether_brick_wall":7,"minecraft:potion":18,"minecraft:cobblestone":907,"minecraft:chainmail_boots":1,"minecraft:wither_rose":1,"minecraft:coarse_dirt":24,"minecraft:cooked_beef":182,"minecraft:orange_terracotta":13,"minecraft:cobbled_deepslate":3,"minecraft:powder_snow_bucket":9,"minecraft:splash_potion":2,"minecraft:chainmail_leggings":1}},"DataVersion":3337}