{"stats":{"minecraft:mined":{"minecraft:grass_block":7,"minecraft:cobblestone":80,"minecraft:wither_rose":1,"minecraft:grass":9},"minecraft:killed_by":{"minecraft:player":158},"minecraft:custom":{"minecraft:mob_kills":3,"minecraft:leave_game":18,"minecraft:time_since_death":15018,"minecraft:time_since_rest":15049,"minecraft:damage_absorbed":1857,"minecraft:sprint_one_cm":1458091,"minecraft:damage_taken":70339,"minecraft:walk_one_cm":1133979,"minecraft:drop":186,"minecraft:damage_dealt":12366,"minecraft:damage_dealt_absorbed":1856,"minecraft:fly_one_cm":6261066,"minecraft:player_kills":163,"minecraft:crouch_one_cm":87697,"minecraft:play_time":873384,"minecraft:deaths":158,"minecraft:sneak_time":41169,"minecraft:walk_under_water_one_cm":1024,"minecraft:jump":9179,"minecraft:walk_on_water_one_cm":899,"minecraft:total_world_time":873384,"minecraft:fall_one_cm":165058,"minecraft:horse_one_cm":105029},"minecraft:killed":{"minecraft:horse":3},"minecraft:picked_up":{"pointblank:ammocreative":1586,"minecraft:iron_chestplate":8,"pointblank:pistol1":1,"minecraft:leather":4,"minecraft:birch_planks":4,"pointblank:pistol2":1,"minecraft:wither_rose":1,"minecraft:potion":37,"framedblocks:framed_sign":3,"pointblank:pistolammo1":832,"minecraft:dirt":31,"minecraft:iron_axe":8,"minecraft:iron_leggings":8,"pointblank:sniper1":1,"pointblank:deserteagle":6,"minecraft:diamond_leggings":1,"minecraft:spruce_planks":7,"pointblank:g41":6,"minecraft:diamond_helmet":1,"minecraft:glass_bottle":14,"minecraft:iron_sword":5,"minecraft:dark_oak_stairs":1,"minecraft:iron_boots":8,"pointblank:glock17":4,"pointblank:aughbar":1,"minecraft:crimson_stairs":1,"minecraft:quartz_pillar":3,"pointblank:sniperammo1":128,"minecraft:diamond_chestplate":1,"minecraft:diamond_boots":1,"minecraft:iron_helmet":9,"minecraft:golden_apple":88,"minecraft:saddle":3,"minecraft:bread":341,"pointblank:uar10":4,"pointblank:sl8":2,"minecraft:diamond_pickaxe":5,"minecraft:cobblestone":583},"minecraft:dropped":{"pointblank:shotgun1":1,"minecraft:bread":249,"pointblank:shotgunammo1":128,"minecraft:iron_sword":5,"minecraft:baked_potato":128,"pointblank:pistolammo1":128,"minecraft:cooked_beef":64,"pointblank:cantimplora":1,"pointblank:m4sopmodii":2,"minecraft:glass_bottle":7,"pointblank:uar10":2,"pointblank:glock17":2,"minecraft:diamond_leggings":3,"pointblank:deserteagle":6,"minecraft:iron_helmet":7,"minecraft:cobblestone":1169,"minecraft:iron_boots":6,"pointblank:sl8":1,"pointblank:spas12":2,"minecraft:saddle":1,"minecraft:totem_of_undying":1,"minecraft:golden_apple":191,"pointblank:sniperammo1":64,"pointblank:ammocreative":2265,"pointblank:pistol2":1,"pointblank:riffleammo1":128,"minecraft:diamond_chestplate":3,"minecraft:diamond_pickaxe":2,"minecraft:iron_chestplate":6,"minecraft:diamond_helmet":3,"minecraft:potion":23,"minecraft:iron_leggings":6,"pointblank:sniper1":1,"minecraft:diamond_boots":3,"minecraft:iron_axe":6,"minecraft:iron_pickaxe":3,"pointblank:rifle2":1,"pointblank:g41":3},"minecraft:used":{"minecraft:water_bucket":28,"minecraft:quartz_bricks":9,"minecraft:trident":1,"minecraft:dark_oak_stairs":3,"minecraft:mangrove_wood":63,"minecraft:iron_bars":7,"minecraft:cobblestone_stairs":50,"minecraft:baked_potato":29,"minecraft:birch_planks":10,"minecraft:red_concrete":23,"minecraft:dark_oak_sign":11,"minecraft:stone":242,"minecraft:iron_sword":371,"minecraft:chainmail_helmet":1,"minecraft:white_dye":11,"minecraft:red_nether_brick_stairs":12,"minecraft:glow_ink_sac":11,"minecraft:grass":783,"minecraft:horse_spawn_egg":5,"framedblocks:framed_wall":6,"minecraft:spruce_leaves":18,"minecraft:golden_apple":114,"minecraft:soul_sand":19,"minecraft:dirt":79,"minecraft:terracotta":1,"minecraft:light_blue_concrete":37,"minecraft:chainmail_chestplate":1,"minecraft:cobblestone_wall":2,"minecraft:chiseled_quartz_block":39,"minecraft:gray_concrete":13,"minecraft:end_stone":1,"minecraft:spruce_log":18,"minecraft:dark_oak_planks":4,"minecraft:diamond_pickaxe":61,"minecraft:command_block":10,"minecraft:birch_slab":1,"minecraft:iron_pickaxe":20,"minecraft:iron_axe":8,"minecraft:grass_block":245,"minecraft:bread":86,"minecraft:stone_button":7,"minecraft:warped_slab":59,"minecraft:dark_oak_leaves":1,"minecraft:deepslate":1,"framedblocks:framed_sign":5,"minecraft:red_nether_brick_wall":7,"minecraft:potion":18,"minecraft:cobblestone":840,"minecraft:chainmail_boots":1,"minecraft:wither_rose":1,"minecraft:coarse_dirt":24,"minecraft:cooked_beef":133,"minecraft:orange_terracotta":13,"minecraft:cobbled_deepslate":3,"minecraft:powder_snow_bucket":9,"minecraft:splash_potion":2,"minecraft:chainmail_leggings":1},"minecraft:broken":{"minecraft:diamond_boots":3,"minecraft:diamond_chestplate":2,"minecraft:diamond_helmet":4,"minecraft:iron_helmet":2,"minecraft:diamond_leggings":2}},"DataVersion":3337}