{"stats":{"minecraft:custom":{"minecraft:time_since_rest":12947,"minecraft:sprint_one_cm":25645,"minecraft:walk_one_cm":8051,"minecraft:mob_kills":3,"minecraft:drop":1,"minecraft:damage_dealt":194,"minecraft:interact_with_crafting_table":5,"minecraft:fly_one_cm":57120,"minecraft:crouch_one_cm":1245,"minecraft:play_time":12947,"minecraft:sneak_time":562,"minecraft:jump":199,"minecraft:leave_game":2,"minecraft:time_since_death":12947,"minecraft:total_world_time":12947,"minecraft:fall_one_cm":4621},"minecraft:used":{"minecraft:stone_pickaxe":20,"minecraft:spruce_button":1,"minecraft:wooden_pickaxe":4,"minecraft:sandstone":3,"minecraft:stone_axe":11,"minecraft:dirt":1,"minecraft:sand":4,"minecraft:crafting_table":2},"minecraft:killed":{"minecraft:sheep":3},"minecraft:crafted":{"minecraft:crafting_table":1,"minecraft:spruce_planks":52,"minecraft:stick":8,"minecraft:spruce_button":1,"minecraft:wooden_pickaxe":1,"minecraft:stone_pickaxe":1,"minecraft:furnace":1,"minecraft:stone_axe":1},"minecraft:mined":{"minecraft:iron_ore":1,"minecraft:spruce_log":13,"minecraft:crafting_table":2,"minecraft:grass_block":1,"minecraft:poppy":1,"minecraft:sand":4,"minecraft:spruce_leaves":5,"minecraft:stone":15,"minecraft:sugar_cane":1,"minecraft:sandstone":3},"minecraft:picked_up":{"minecraft:crafting_table":2,"minecraft:raw_iron":1,"minecraft:sandstone":3,"minecraft:sand":4,"minecraft:spruce_sapling":1,"minecraft:spruce_log":13,"minecraft:dirt":1,"minecraft:poppy":1,"minecraft:sugar_cane":4,"minecraft:mutton":4,"minecraft:white_wool":3,"minecraft:cobblestone":14},"minecraft:dropped":{"minecraft:spruce_sapling":1}},"DataVersion":3953}