{"stats":{"minecraft:custom":{"minecraft:time_since_rest":9027,"minecraft:interact_with_furnace":10,"minecraft:sprint_one_cm":56843,"minecraft:damage_taken":80,"minecraft:walk_one_cm":25188,"minecraft:mob_kills":4,"minecraft:drop":4,"minecraft:damage_dealt":244,"minecraft:swim_one_cm":7488,"minecraft:interact_with_crafting_table":9,"minecraft:fly_one_cm":123164,"minecraft:open_chest":1,"minecraft:crouch_one_cm":4446,"minecraft:play_time":24947,"minecraft:sneak_time":2059,"minecraft:walk_under_water_one_cm":3398,"minecraft:jump":577,"minecraft:walk_on_water_one_cm":2096,"minecraft:leave_game":2,"minecraft:time_since_death":24947,"minecraft:sleep_in_bed":1,"minecraft:total_world_time":24947,"minecraft:fall_one_cm":14295},"minecraft:used":{"minecraft:moss_block":4,"minecraft:cooked_mutton":2,"minecraft:stone_pickaxe":59,"minecraft:spruce_button":1,"minecraft:spruce_planks":31,"minecraft:wooden_pickaxe":4,"minecraft:sandstone":3,"minecraft:stone_axe":16,"minecraft:dirt":1,"minecraft:sand":4,"minecraft:crafting_table":5,"minecraft:furnace":2,"minecraft:white_bed":1},"minecraft:killed":{"minecraft:sheep":3,"minecraft:stray":1},"minecraft:crafted":{"minecraft:paper":3,"minecraft:shield":1,"minecraft:crafting_table":1,"minecraft:spruce_planks":52,"minecraft:stick":8,"minecraft:spruce_button":1,"minecraft:iron_ingot":6,"minecraft:wooden_pickaxe":1,"minecraft:stone_pickaxe":1,"minecraft:furnace":1,"minecraft:white_bed":1,"minecraft:stone_axe":1,"minecraft:cooked_mutton":4,"minecraft:air":0},"minecraft:mined":{"minecraft:white_bed":1,"minecraft:furnace":2,"minecraft:iron_ore":14,"minecraft:spruce_log":13,"minecraft:crafting_table":5,"minecraft:granite":2,"minecraft:grass_block":1,"minecraft:coal_ore":18,"minecraft:poppy":1,"minecraft:dirt":1,"minecraft:sand":4,"minecraft:spruce_leaves":5,"minecraft:stone":18,"minecraft:sugar_cane":1,"minecraft:sandstone":3},"minecraft:picked_up":{"minecraft:crafting_table":4,"minecraft:raw_iron":22,"minecraft:sandstone":3,"minecraft:sand":4,"minecraft:spruce_sapling":1,"minecraft:white_bed":1,"minecraft:spruce_log":13,"minecraft:dirt":1,"minecraft:bone":2,"minecraft:granite":2,"minecraft:poppy":1,"minecraft:sugar_cane":4,"minecraft:mutton":4,"minecraft:coal":24,"minecraft:white_wool":3,"minecraft:cobblestone":17,"minecraft:furnace":2},"minecraft:dropped":{"minecraft:leather_leggings":1,"minecraft:cooked_mutton":2,"minecraft:spruce_sapling":1}},"DataVersion":3953}