{"stats":{"minecraft:killed_by":{"minecraft:player":4},"minecraft:broken":{"minecraft:iron_helmet":2},"minecraft:used":{"minecraft:quartz_bricks":8,"minecraft:dark_oak_stairs":3,"minecraft:trident":1,"minecraft:iron_bars":7,"minecraft:mangrove_wood":62,"minecraft:cobblestone_stairs":50,"minecraft:birch_planks":10,"minecraft:stone":242,"minecraft:iron_sword":141,"minecraft:red_nether_brick_stairs":12,"minecraft:grass":776,"minecraft:horse_spawn_egg":5,"framedblocks:framed_wall":6,"minecraft:spruce_leaves":18,"minecraft:golden_apple":26,"minecraft:dirt":76,"minecraft:soul_sand":19,"minecraft:terracotta":1,"minecraft:cobblestone_wall":2,"minecraft:chiseled_quartz_block":39,"minecraft:end_stone":1,"minecraft:spruce_log":18,"minecraft:dark_oak_planks":4,"minecraft:diamond_pickaxe":61,"minecraft:grass_block":177,"minecraft:iron_axe":1,"minecraft:bread":86,"minecraft:warped_slab":59,"minecraft:dark_oak_leaves":1,"minecraft:deepslate":1,"framedblocks:framed_sign":5,"minecraft:red_nether_brick_wall":7,"minecraft:cobblestone":403,"minecraft:potion":18,"minecraft:cooked_beef":3,"minecraft:coarse_dirt":22,"minecraft:cobbled_deepslate":3},"minecraft:killed":{"minecraft:horse":3},"minecraft:dropped":{"minecraft:bread":249,"minecraft:iron_sword":2,"minecraft:glass_bottle":7,"pointblank:uar10":2,"pointblank:glock17":2,"pointblank:deserteagle":4,"minecraft:iron_helmet":7,"minecraft:cobblestone":401,"minecraft:iron_boots":6,"pointblank:sl8":1,"minecraft:saddle":1,"minecraft:totem_of_undying":1,"minecraft:golden_apple":85,"pointblank:ammocreative":857,"minecraft:iron_chestplate":6,"minecraft:diamond_pickaxe":2,"minecraft:potion":23,"minecraft:iron_leggings":6,"minecraft:iron_axe":3,"pointblank:g41":3},"minecraft:custom":{"minecraft:mob_kills":3,"minecraft:leave_game":2,"minecraft:time_since_death":139798,"minecraft:time_since_rest":139822,"minecraft:walk_one_cm":318969,"minecraft:sprint_one_cm":231196,"minecraft:damage_taken":18340,"minecraft:damage_absorbed":240,"minecraft:drop":106,"minecraft:damage_dealt":5503,"minecraft:damage_dealt_absorbed":479,"minecraft:fly_one_cm":3886620,"minecraft:player_kills":7,"minecraft:crouch_one_cm":28951,"minecraft:play_time":210055,"minecraft:deaths":4,"minecraft:sneak_time":20748,"minecraft:jump":1994,"minecraft:total_world_time":210055,"minecraft:fall_one_cm":26446,"minecraft:horse_one_cm":105029},"minecraft:mined":{"minecraft:cobblestone":61},"minecraft:picked_up":{"pointblank:ammocreative":1522,"minecraft:iron_chestplate":8,"minecraft:leather":4,"minecraft:birch_planks":4,"minecraft:potion":37,"framedblocks:framed_sign":3,"minecraft:dirt":24,"minecraft:iron_axe":8,"minecraft:iron_leggings":8,"pointblank:deserteagle":6,"minecraft:spruce_planks":7,"pointblank:g41":6,"minecraft:glass_bottle":14,"minecraft:iron_sword":5,"minecraft:dark_oak_stairs":1,"minecraft:iron_boots":8,"pointblank:glock17":4,"minecraft:crimson_stairs":1,"minecraft:quartz_pillar":3,"minecraft:iron_helmet":9,"minecraft:golden_apple":88,"minecraft:saddle":3,"minecraft:bread":341,"pointblank:sl8":2,"pointblank:uar10":4,"minecraft:diamond_pickaxe":5,"minecraft:cobblestone":567}},"DataVersion":3337}