{"stats":{"minecraft:killed_by":{"minecraft:player":123},"minecraft:broken":{"minecraft:diamond_boots":2,"minecraft:shield":1,"minecraft:diamond_chestplate":1,"minecraft:diamond_leggings":1,"minecraft:diamond_helmet":3},"minecraft:used":{"minecraft:iron_axe":2,"minecraft:baked_potato":9,"minecraft:shield":54,"minecraft:iron_sword":8,"minecraft:golden_apple":77,"minecraft:cobblestone":156,"minecraft:trapped_chest":1,"minecraft:cooked_beef":53},"minecraft:dropped":{"pointblank:at4":1,"pointblank:pistol1":1,"pointblank:ammocreative":64,"pointblank:shotgun1":2,"pointblank:shotgunammo1":66,"pointblank:m249":2,"pointblank:pistol2":3,"minecraft:diamond_chestplate":4,"pointblank:pistolammo1":768,"pointblank:cantimplora":1,"minecraft:diamond_leggings":4,"pointblank:m950":2,"minecraft:diamond_helmet":2,"pointblank:deserteagle":2,"pointblank:sniper1":3,"minecraft:diamond_boots":3,"pointblank:sl8":1,"minecraft:iron_axe":2,"pointblank:m4a1mod1":1,"pointblank:rifle2":2,"minecraft:golden_apple":1,"pointblank:sniperammo1":192,"pointblank:aughbar":2},"minecraft:custom":{"minecraft:damage_taken":38253,"minecraft:time_since_rest":17888,"minecraft:damage_absorbed":1258,"minecraft:sprint_one_cm":461457,"minecraft:walk_one_cm":829992,"minecraft:damage_blocked_by_shield":3711,"minecraft:trigger_trapped_chest":7,"minecraft:drop":59,"minecraft:damage_dealt":198,"minecraft:damage_dealt_absorbed":1536,"minecraft:fly_one_cm":1081973,"minecraft:player_kills":160,"minecraft:crouch_one_cm":58978,"minecraft:play_time":328777,"minecraft:sneak_time":27249,"minecraft:deaths":123,"minecraft:jump":5584,"minecraft:leave_game":10,"minecraft:time_since_death":17859,"minecraft:total_world_time":328777,"minecraft:fall_one_cm":135161},"minecraft:picked_up":{"pointblank:ammocreative":768,"pointblank:m4sopmodii":1,"minecraft:cooked_beef":128,"pointblank:spas12":1,"pointblank:shotgunammo1":161,"pointblank:pistol2":2,"pointblank:pistolammo1":64,"pointblank:shotgun1":2,"pointblank:riffleammo1":128,"pointblank:sniperammo1":96,"minecraft:iron_axe":4,"pointblank:sniper1":2,"pointblank:deserteagle":3,"minecraft:diamond_chestplate":3,"minecraft:diamond_leggings":3,"minecraft:diamond_boots":3,"pointblank:rifle2":2,"minecraft:golden_apple":138,"minecraft:iron_pickaxe":2,"minecraft:diamond_helmet":3,"minecraft:baked_potato":64,"minecraft:iron_sword":2,"pointblank:cantimplora":2,"minecraft:cobblestone":576}},"DataVersion":3337}