{"stats":{"minecraft:dropped":{"pointblank:ammocreative":64,"pointblank:sl8":1,"pointblank:m4a1mod1":1,"pointblank:deserteagle":2},"minecraft:custom":{"minecraft:jump":136,"minecraft:time_since_rest":9704,"minecraft:damage_dealt":25,"minecraft:crouch_one_cm":1053,"minecraft:leave_game":1,"minecraft:sprint_one_cm":7145,"minecraft:play_time":9704,"minecraft:damage_taken":50,"minecraft:time_since_death":9704,"minecraft:walk_one_cm":22035,"minecraft:sneak_time":275,"minecraft:total_world_time":9704,"minecraft:drop":5,"minecraft:fall_one_cm":2835,"minecraft:fly_one_cm":10488},"minecraft:picked_up":{"pointblank:deserteagle":2}},"DataVersion":3337}