{"stats":{"minecraft:broken":{"minecraft:diamond_boots":2,"minecraft:shield":1,"minecraft:diamond_chestplate":1,"minecraft:diamond_leggings":1,"minecraft:diamond_helmet":3},"minecraft:killed_by":{"minecraft:player":104},"minecraft:custom":{"minecraft:time_since_rest":4272,"minecraft:damage_taken":33208,"minecraft:sprint_one_cm":384229,"minecraft:damage_absorbed":693,"minecraft:walk_one_cm":657662,"minecraft:damage_blocked_by_shield":3711,"minecraft:drop":53,"minecraft:damage_dealt":198,"minecraft:damage_dealt_absorbed":1396,"minecraft:fly_one_cm":883315,"minecraft:player_kills":151,"minecraft:crouch_one_cm":52403,"minecraft:play_time":251485,"minecraft:deaths":104,"minecraft:sneak_time":24753,"minecraft:jump":4538,"minecraft:leave_game":6,"minecraft:time_since_death":4244,"minecraft:total_world_time":251485,"minecraft:fall_one_cm":115785},"minecraft:used":{"minecraft:iron_axe":2,"minecraft:baked_potato":9,"minecraft:shield":54,"minecraft:iron_sword":8,"minecraft:golden_apple":47,"minecraft:cobblestone":156,"minecraft:cooked_beef":51},"minecraft:picked_up":{"pointblank:ammocreative":768,"pointblank:m4sopmodii":1,"minecraft:cooked_beef":64,"pointblank:spas12":1,"pointblank:shotgunammo1":161,"pointblank:pistol2":2,"pointblank:shotgun1":2,"pointblank:pistolammo1":64,"pointblank:riffleammo1":128,"pointblank:sniperammo1":96,"minecraft:iron_axe":2,"pointblank:sniper1":2,"minecraft:diamond_chestplate":2,"pointblank:deserteagle":3,"minecraft:diamond_leggings":2,"minecraft:diamond_boots":2,"pointblank:rifle2":2,"minecraft:golden_apple":74,"minecraft:baked_potato":64,"minecraft:iron_pickaxe":2,"minecraft:diamond_helmet":2,"minecraft:iron_sword":2,"pointblank:cantimplora":2,"minecraft:cobblestone":576},"minecraft:dropped":{"pointblank:at4":1,"pointblank:pistol1":1,"pointblank:shotgunammo1":66,"pointblank:shotgun1":2,"pointblank:ammocreative":64,"pointblank:m249":2,"pointblank:pistol2":3,"pointblank:pistolammo1":768,"pointblank:cantimplora":1,"minecraft:diamond_chestplate":3,"minecraft:diamond_leggings":3,"minecraft:diamond_helmet":1,"pointblank:m950":2,"pointblank:deserteagle":2,"pointblank:sniper1":3,"minecraft:diamond_boots":2,"pointblank:sl8":1,"pointblank:m4a1mod1":1,"pointblank:rifle2":2,"minecraft:golden_apple":1,"pointblank:sniperammo1":192,"pointblank:aughbar":2}},"DataVersion":3337}