{"stats":{"minecraft:picked_up":{"minecraft:iron_chestplate":11,"pointblank:ammocreative":1996,"minecraft:coarse_dirt":4,"pointblank:glock17":9,"minecraft:leather":10,"minecraft:birch_planks":1,"minecraft:potion":44,"minecraft:dirt":16,"minecraft:iron_axe":9,"minecraft:iron_leggings":12,"minecraft:red_nether_brick_stairs":1,"pointblank:deserteagle":10,"minecraft:iron_helmet":11,"minecraft:golden_apple":261,"minecraft:saddle":2,"minecraft:totem_of_undying":1,"minecraft:bread":651,"pointblank:g41":9,"minecraft:glass_bottle":14,"framedblocks:framed_wall":1,"pointblank:sl8":2,"pointblank:uar10":5,"minecraft:iron_sword":9,"minecraft:iron_boots":11,"minecraft:cobblestone":904,"minecraft:diamond_pickaxe":10},"minecraft:killed_by":{"minecraft:player":6},"minecraft:used":{"minecraft:diamond_pickaxe":1,"minecraft:birch_planks":8,"minecraft:iron_axe":4,"minecraft:grass_block":15,"minecraft:bread":21,"minecraft:iron_helmet":1,"minecraft:iron_sword":102,"minecraft:iron_boots":1,"minecraft:totem_of_undying":2,"minecraft:iron_chestplate":1,"minecraft:spruce_leaves":114,"minecraft:golden_apple":38,"minecraft:dirt":249,"minecraft:cobblestone":135,"minecraft:potion":13,"minecraft:spruce_log":514,"minecraft:dark_oak_planks":1,"minecraft:iron_leggings":1},"minecraft:custom":{"minecraft:time_since_rest":75384,"minecraft:sprint_one_cm":199510,"minecraft:walk_one_cm":256466,"minecraft:damage_taken":15329,"minecraft:damage_absorbed":479,"minecraft:mob_kills":2,"minecraft:drop":107,"minecraft:damage_dealt":2638,"minecraft:damage_dealt_absorbed":240,"minecraft:fly_one_cm":1481689,"minecraft:player_kills":4,"minecraft:open_chest":1,"minecraft:crouch_one_cm":34756,"minecraft:play_time":153966,"minecraft:deaths":6,"minecraft:sneak_time":15900,"minecraft:jump":979,"minecraft:time_since_death":75359,"minecraft:total_world_time":153966,"minecraft:horse_one_cm":292171,"minecraft:fall_one_cm":17904},"minecraft:mined":{"framedblocks:framed_wall":1,"minecraft:cobblestone":1},"minecraft:dropped":{"minecraft:bread":141,"pointblank:ammocreative":503,"minecraft:iron_sword":4,"minecraft:birch_planks":1,"minecraft:diamond_pickaxe":4,"minecraft:glass_bottle":22,"minecraft:iron_chestplate":8,"pointblank:uar10":3,"pointblank:glock17":3,"pointblank:deserteagle":4,"minecraft:iron_helmet":9,"minecraft:potion":8,"minecraft:cobblestone":176,"minecraft:iron_leggings":9,"minecraft:iron_boots":8,"minecraft:iron_axe":4,"pointblank:sl8":2,"minecraft:saddle":1,"framedblocks:framed_wall":1,"pointblank:g41":3,"minecraft:golden_apple":27},"minecraft:broken":{"minecraft:iron_helmet":1},"minecraft:killed":{"minecraft:horse":2}},"DataVersion":3337}