{"stats":{"minecraft:custom":{"minecraft:time_since_rest":557,"minecraft:sprint_one_cm":242991,"minecraft:walk_one_cm":164003,"minecraft:damage_taken":9709,"minecraft:damage_absorbed":642,"minecraft:drop":7,"minecraft:damage_dealt":1558,"minecraft:damage_dealt_absorbed":266,"minecraft:fly_one_cm":233278,"minecraft:player_kills":14,"minecraft:crouch_one_cm":21974,"minecraft:play_time":73375,"minecraft:deaths":38,"minecraft:sneak_time":9523,"minecraft:jump":1163,"minecraft:leave_game":6,"minecraft:time_since_death":0,"minecraft:total_world_time":73375,"minecraft:fall_one_cm":34079},"minecraft:dropped":{"minecraft:diamond_chestplate":2,"minecraft:diamond_leggings":2,"minecraft:diamond_helmet":1,"minecraft:diamond_boots":2},"minecraft:picked_up":{"minecraft:chainmail_boots":1,"pointblank:shotgunammo1":128,"pointblank:pistol2":1,"minecraft:chainmail_chestplate":1,"pointblank:shotgun1":1,"pointblank:pistolammo1":256,"pointblank:riffleammo1":640,"pointblank:sniperammo1":96,"minecraft:iron_axe":2,"pointblank:sniper1":1,"minecraft:diamond_chestplate":3,"minecraft:diamond_leggings":4,"minecraft:chainmail_leggings":1,"minecraft:diamond_boots":4,"pointblank:rifle2":1,"minecraft:golden_apple":37,"minecraft:chainmail_helmet":1,"minecraft:baked_potato":128,"minecraft:iron_pickaxe":2,"minecraft:diamond_helmet":3,"minecraft:iron_sword":2,"pointblank:cantimplora":1,"minecraft:cobblestone":909},"minecraft:killed_by":{"minecraft:player":36},"minecraft:used":{"minecraft:iron_axe":3,"minecraft:baked_potato":48,"minecraft:iron_pickaxe":72,"minecraft:iron_sword":42,"minecraft:golden_apple":36,"minecraft:cobblestone":714},"minecraft:mined":{"huntrun_decorative:cubiertos":1,"minecraft:grass":12,"minecraft:cobblestone":70}},"DataVersion":3337}