{"stats":{"minecraft:custom":{"minecraft:time_since_rest":6500,"minecraft:sprint_one_cm":226344,"minecraft:walk_one_cm":139143,"minecraft:damage_taken":8512,"minecraft:damage_absorbed":577,"minecraft:drop":7,"minecraft:damage_dealt":1558,"minecraft:damage_dealt_absorbed":266,"minecraft:fly_one_cm":212729,"minecraft:player_kills":13,"minecraft:crouch_one_cm":21767,"minecraft:play_time":66521,"minecraft:deaths":33,"minecraft:sneak_time":9474,"minecraft:jump":1093,"minecraft:leave_game":5,"minecraft:time_since_death":6473,"minecraft:total_world_time":66521,"minecraft:fall_one_cm":32252},"minecraft:dropped":{"minecraft:diamond_chestplate":2,"minecraft:diamond_leggings":2,"minecraft:diamond_helmet":1,"minecraft:diamond_boots":2},"minecraft:picked_up":{"minecraft:chainmail_boots":1,"pointblank:shotgunammo1":128,"pointblank:pistol2":1,"minecraft:chainmail_chestplate":1,"pointblank:shotgun1":1,"pointblank:pistolammo1":256,"pointblank:riffleammo1":384,"pointblank:sniperammo1":32,"minecraft:iron_axe":2,"pointblank:sniper1":1,"minecraft:diamond_chestplate":3,"minecraft:diamond_leggings":4,"minecraft:chainmail_leggings":1,"minecraft:diamond_boots":4,"pointblank:rifle2":1,"minecraft:golden_apple":37,"minecraft:chainmail_helmet":1,"minecraft:baked_potato":128,"minecraft:iron_pickaxe":2,"minecraft:diamond_helmet":3,"minecraft:iron_sword":2,"pointblank:cantimplora":1,"minecraft:cobblestone":708},"minecraft:killed_by":{"minecraft:player":31},"minecraft:used":{"minecraft:iron_axe":3,"minecraft:baked_potato":43,"minecraft:iron_pickaxe":63,"minecraft:iron_sword":42,"minecraft:golden_apple":33,"minecraft:cobblestone":694},"minecraft:mined":{"huntrun_decorative:cubiertos":1,"minecraft:grass":12,"minecraft:cobblestone":61}},"DataVersion":3337}