{"stats":{"minecraft:mined":{"minecraft:grass_block":1,"minecraft:cobblestone":35,"minecraft:grass":4,"minecraft:dirt":6,"pointblank:workstation":57},"minecraft:dropped":{"pointblank:glock18":1,"minecraft:glass_bottle":10,"minecraft:diamond_leggings":1,"pointblank:citoricxs":1,"pointblank:mk14ebr":1,"pointblank:ak12":1,"pointblank:c14":1,"minecraft:grass_block":4,"pointblank:m249":1,"pointblank:l96a1":1,"minecraft:iron_leggings":1,"pointblank:g36c":1,"minecraft:experience_bottle":1,"minecraft:iron_boots":1,"pointblank:sl8":1,"pointblank:spas12":2,"pointblank:mp5":1,"minecraft:totem_of_undying":5,"minecraft:diamond_chestplate":1,"minecraft:iron_chestplate":2,"pointblank:at4_rocket":1,"pointblank:gm6lynx":1},"minecraft:broken":{"minecraft:diamond_helmet":2,"minecraft:diamond_boots":2,"minecraft:wooden_sword":1,"minecraft:iron_helmet":1},"minecraft:custom":{"minecraft:mob_kills":53,"minecraft:interact_with_anvil":1,"minecraft:eat_cake_slice":16,"minecraft:leave_game":7,"minecraft:time_since_death":883,"minecraft:sprint_one_cm":394008,"minecraft:walk_one_cm":534116,"minecraft:drop":39,"minecraft:damage_dealt_absorbed":454,"minecraft:play_time":237735,"minecraft:deaths":49,"minecraft:sneak_time":18489,"minecraft:walk_under_water_one_cm":1898,"minecraft:jump":3412,"minecraft:walk_on_water_one_cm":681,"minecraft:total_world_time":237735,"minecraft:interact_with_grindstone":1,"minecraft:time_since_rest":910,"minecraft:damage_taken":32090,"minecraft:damage_absorbed":1147,"minecraft:damage_dealt":7770,"minecraft:swim_one_cm":93,"minecraft:fly_one_cm":989206,"minecraft:player_kills":24,"minecraft:open_chest":8,"minecraft:pig_one_cm":42881,"minecraft:crouch_one_cm":30552,"minecraft:aviate_one_cm":163515,"minecraft:fall_one_cm":41737,"minecraft:horse_one_cm":1231},"minecraft:killed":{"minecraft:slime":47,"minecraft:bat":1,"minecraft:sheep":1,"minecraft:trader_llama":1,"minecraft:wither_skeleton":2,"minecraft:villager":1},"minecraft:picked_up":{"pointblank:m590":2,"pointblank:ammocreative":1408,"minecraft:iron_chestplate":5,"minecraft:potion":23,"minecraft:crimson_planks":1,"pointblank:xm3":1,"minecraft:heavy_weighted_pressure_plate":7,"pointblank:aa12":1,"minecraft:iron_axe":3,"minecraft:red_nether_bricks":1,"minecraft:wooden_sword":1,"minecraft:iron_leggings":4,"minecraft:experience_bottle":1,"minecraft:diamond_leggings":5,"minecraft:candle":1,"minecraft:iron_pickaxe":2,"minecraft:iron_boots":3,"minecraft:stone":1,"minecraft:warped_planks":1,"minecraft:trident":5,"minecraft:carrot":1,"minecraft:stone_sword":2,"minecraft:diamond_chestplate":5,"minecraft:diamond_boots":4,"minecraft:totem_of_undying":40,"minecraft:netherite_chestplate":1,"minecraft:mutton":2,"minecraft:white_wool":1,"minecraft:cobblestone":546,"minecraft:netherite_boots":1,"pointblank:m4sopmodii":1,"minecraft:mud_bricks":1,"minecraft:cooked_beef":40,"minecraft:potato":64,"pointblank:m870":1,"pointblank:wa2000":1,"pointblank:citoricxs":1,"minecraft:netherite_leggings":1,"minecraft:dirt":23,"minecraft:polished_granite":1,"pointblank:g36c":2,"minecraft:bone":4,"pointblank:deserteagle":3,"pointblank:hs12":1,"minecraft:netherite_axe":1,"minecraft:diamond_helmet":4,"minecraft:glass_bottle":5,"minecraft:iron_sword":2,"pointblank:gm6lynx":1,"minecraft:grass_block":5,"pointblank:at4_rocket":1,"minecraft:quartz_bricks":1,"minecraft:slime_ball":29,"minecraft:netherite_helmet":1,"pointblank:c14":1,"minecraft:iron_helmet":3,"minecraft:golden_apple":112,"minecraft:bread":192,"minecraft:baked_potato":128,"minecraft:coal":2,"pointblank:sl8":2,"pointblank:mk14ebr":1,"pointblank:uar10":1,"minecraft:diamond_pickaxe":1},"minecraft:killed_by":{"minecraft:player":46,"minecraft:slime":1,"minecraft:warden":2},"minecraft:used":{"minecraft:trident":23,"minecraft:netherite_sword":35,"minecraft:iron_bars":2,"minecraft:carrot_on_a_stick":29,"minecraft:elytra":2,"minecraft:iron_sword":25,"minecraft:wither_skeleton_spawn_egg":2,"minecraft:grass":1,"minecraft:sculk_sensor":1,"minecraft:iron_chestplate":2,"minecraft:red_nether_brick_slab":1,"minecraft:dirt":9,"minecraft:anvil":1,"minecraft:diamond_helmet":2,"minecraft:spruce_fence":2,"minecraft:milk_bucket":1,"minecraft:grass_block":74,"minecraft:iron_axe":21,"minecraft:jungle_log":30,"minecraft:iron_helmet":1,"minecraft:iron_boots":1,"minecraft:totem_of_undying":9,"minecraft:stone_bricks":6,"minecraft:diamond_chestplate":2,"pointblank:workstation":66,"minecraft:bow":21,"minecraft:white_stained_glass_pane":1,"minecraft:minecart":3,"minecraft:cooked_beef":4,"minecraft:potato":4,"minecraft:iron_leggings":1,"minecraft:lodestone":1,"minecraft:red_nether_bricks":1,"minecraft:oak_planks":11,"minecraft:ender_pearl":1,"minecraft:sheep_spawn_egg":1,"minecraft:diamond_axe":17,"minecraft:golden_apple":56,"minecraft:rail":5,"minecraft:netherite_leggings":1,"minecraft:red_mushroom":1,"minecraft:crossbow":3,"minecraft:lingering_potion":5,"minecraft:end_stone":6,"minecraft:cake":5,"minecraft:spruce_log":3,"minecraft:piston":2,"minecraft:netherite_block":2,"minecraft:firework_rocket":39,"minecraft:heavy_weighted_pressure_plate":8,"minecraft:bread":32,"minecraft:oak_button":2,"minecraft:pig_spawn_egg":1,"minecraft:iron_pickaxe":35,"minecraft:netherite_axe":9,"minecraft:white_glazed_terracotta":4,"minecraft:iron_door":17,"minecraft:fishing_rod":24,"minecraft:diamond_sword":14,"minecraft:fire_charge":2,"minecraft:wooden_sword":67,"minecraft:cobblestone":176,"minecraft:potion":20,"minecraft:coarse_dirt":2,"minecraft:bone_meal":8,"minecraft:candle":3,"minecraft:splash_potion":1,"minecraft:birch_stairs":2,"minecraft:experience_bottle":1}},"DataVersion":3337}