{"stats":{"minecraft:mined":{"minecraft:grass_block":1,"minecraft:dirt":6},"minecraft:killed_by":{"minecraft:warden":2,"minecraft:slime":1},"minecraft:custom":{"minecraft:interact_with_anvil":1,"minecraft:mob_kills":52,"minecraft:eat_cake_slice":16,"minecraft:interact_with_grindstone":1,"minecraft:leave_game":5,"minecraft:time_since_death":87604,"minecraft:time_since_rest":87632,"minecraft:sprint_one_cm":45393,"minecraft:walk_one_cm":130635,"minecraft:damage_taken":2526,"minecraft:damage_absorbed":670,"minecraft:drop":13,"minecraft:damage_dealt":3392,"minecraft:swim_one_cm":93,"minecraft:fly_one_cm":336645,"minecraft:open_chest":8,"minecraft:pig_one_cm":42881,"minecraft:crouch_one_cm":6524,"minecraft:play_time":118552,"minecraft:deaths":3,"minecraft:sneak_time":2924,"minecraft:walk_under_water_one_cm":1898,"minecraft:aviate_one_cm":163515,"minecraft:jump":904,"minecraft:walk_on_water_one_cm":681,"minecraft:total_world_time":118552,"minecraft:horse_one_cm":1231},"minecraft:killed":{"minecraft:bat":1,"minecraft:slime":47,"minecraft:sheep":1,"minecraft:trader_llama":1,"minecraft:wither_skeleton":1,"minecraft:villager":1},"minecraft:picked_up":{"minecraft:netherite_boots":1,"minecraft:heavy_weighted_pressure_plate":7,"minecraft:netherite_leggings":1,"minecraft:dirt":7,"minecraft:bone":1,"minecraft:experience_bottle":1,"minecraft:candle":1,"minecraft:netherite_axe":1,"minecraft:glass_bottle":1,"minecraft:grass_block":4,"minecraft:carrot":1,"pointblank:at4_rocket":1,"minecraft:stone_sword":1,"minecraft:slime_ball":29,"minecraft:netherite_helmet":1,"minecraft:totem_of_undying":40,"minecraft:netherite_chestplate":1,"minecraft:coal":1,"minecraft:mutton":2,"minecraft:white_wool":1},"minecraft:dropped":{"minecraft:glass_bottle":1,"minecraft:experience_bottle":1,"pointblank:c14":1,"minecraft:totem_of_undying":5,"minecraft:grass_block":4,"pointblank:at4_rocket":1},"minecraft:used":{"minecraft:trident":2,"minecraft:iron_bars":2,"minecraft:lodestone":1,"minecraft:carrot_on_a_stick":29,"minecraft:elytra":2,"minecraft:oak_planks":11,"minecraft:ender_pearl":1,"minecraft:wither_skeleton_spawn_egg":1,"minecraft:sheep_spawn_egg":1,"minecraft:diamond_axe":17,"minecraft:grass":1,"minecraft:sculk_sensor":1,"minecraft:iron_chestplate":1,"minecraft:dirt":8,"minecraft:rail":5,"minecraft:anvil":1,"minecraft:netherite_leggings":1,"minecraft:red_mushroom":1,"minecraft:diamond_helmet":1,"minecraft:crossbow":3,"minecraft:lingering_potion":5,"minecraft:spruce_fence":2,"minecraft:end_stone":1,"minecraft:cake":5,"minecraft:spruce_log":3,"minecraft:milk_bucket":1,"minecraft:piston":2,"minecraft:netherite_block":2,"minecraft:firework_rocket":39,"minecraft:heavy_weighted_pressure_plate":8,"minecraft:grass_block":62,"minecraft:oak_button":2,"minecraft:jungle_log":30,"minecraft:pig_spawn_egg":1,"minecraft:netherite_axe":9,"minecraft:white_glazed_terracotta":4,"minecraft:iron_helmet":1,"minecraft:iron_boots":1,"minecraft:iron_door":17,"minecraft:totem_of_undying":9,"minecraft:stone_bricks":6,"minecraft:diamond_chestplate":1,"minecraft:fire_charge":2,"minecraft:fishing_rod":23,"minecraft:diamond_sword":14,"minecraft:wooden_sword":4,"minecraft:potion":1,"minecraft:bow":21,"minecraft:white_stained_glass_pane":1,"minecraft:minecart":3,"minecraft:birch_stairs":2,"minecraft:bone_meal":8,"minecraft:candle":3,"minecraft:splash_potion":1,"minecraft:iron_leggings":1,"minecraft:experience_bottle":1}},"DataVersion":3337}