{"stats":{"minecraft:custom":{"minecraft:interact_with_furnace":1,"minecraft:mob_kills":2,"minecraft:interact_with_grindstone":3,"minecraft:leave_game":26,"minecraft:time_since_death":1063734,"minecraft:time_since_rest":1063734,"minecraft:sprint_one_cm":247412,"minecraft:damage_taken":35,"minecraft:walk_one_cm":404383,"minecraft:drop":3,"minecraft:damage_dealt":230,"minecraft:talked_to_villager":1,"minecraft:fly_one_cm":5828367,"minecraft:open_chest":15,"minecraft:crouch_one_cm":53154,"minecraft:play_time":1063734,"minecraft:sneak_time":45238,"minecraft:jump":1607,"minecraft:total_world_time":1065018,"minecraft:fall_one_cm":748},"minecraft:dropped":{"minecraft:quartz_pillar":1,"minecraft:item_frame":1,"minecraft:white_stained_glass_pane":1},"minecraft:killed":{"minecraft:skeleton":1,"minecraft:cow":1},"minecraft:used":{"minecraft:quartz_bricks":175,"minecraft:moss_block":30,"framedblocks:framed_fence":3,"minecraft:dark_oak_stairs":40,"minecraft:netherite_sword":2,"minecraft:damaged_anvil":2,"minecraft:mangrove_wood":21,"minecraft:cow_spawn_egg":1,"minecraft:iron_bars":21,"minecraft:dirt_path":4,"minecraft:cobblestone_stairs":50,"minecraft:lodestone":6,"minecraft:spruce_door":1,"minecraft:orange_concrete":10,"minecraft:birch_planks":619,"framedblocks:framed_slab":13,"minecraft:gray_carpet":1,"minecraft:red_nether_bricks":303,"framedblocks:framed_stairs":179,"minecraft:chest":60,"minecraft:spruce_planks":6,"minecraft:stone":10,"minecraft:zombie_spawn_egg":1,"framedblocks:framed_cube":4,"minecraft:cauldron":1,"minecraft:spruce_sign":1,"minecraft:red_nether_brick_stairs":107,"minecraft:grass":548,"minecraft:green_bed":32,"minecraft:bell":8,"framedblocks:framed_wall":371,"minecraft:oak_leaves":91,"minecraft:jungle_wood":3,"minecraft:dirt":26,"minecraft:soul_sand":14,"minecraft:sand":18,"minecraft:red_nether_brick_slab":188,"minecraft:terracotta":228,"minecraft:white_carpet":27,"minecraft:cobblestone_wall":9,"minecraft:campfire":2,"minecraft:chiseled_quartz_block":53,"minecraft:stone_brick_wall":80,"minecraft:gray_concrete":96,"minecraft:polished_granite_slab":205,"minecraft:end_stone":40,"minecraft:warped_planks":83,"minecraft:lightning_rod":1,"minecraft:dark_oak_planks":583,"minecraft:stone_brick_slab":409,"framedblocks:framed_vertical_stairs":2,"minecraft:cornflower":5,"minecraft:quartz_pillar":16,"minecraft:spruce_wood":4,"minecraft:lantern":41,"minecraft:grass_block":849,"minecraft:warped_slab":516,"minecraft:crimson_slab":234,"minecraft:quartz_block":22,"minecraft:white_glazed_terracotta":58,"minecraft:polished_granite":62,"framedblocks:framed_panel":20,"minecraft:mud_bricks":9,"minecraft:crimson_planks":338,"minecraft:stone_brick_stairs":36,"minecraft:stone_bricks":382,"framedblocks:framed_sign":231,"minecraft:item_frame":32,"minecraft:red_carpet":3,"minecraft:red_nether_brick_wall":141,"minecraft:cobblestone":164,"minecraft:warped_stairs":69,"minecraft:tall_grass":2,"minecraft:hay_block":2,"minecraft:crimson_stairs":676,"minecraft:furnace":1,"minecraft:grindstone":11,"minecraft:white_stained_glass_pane":72,"minecraft:chain":2,"minecraft:coarse_dirt":485,"minecraft:cobbled_deepslate":1,"minecraft:bone_meal":1,"minecraft:birch_stairs":1},"minecraft:picked_up":{"minecraft:lead":1,"framedblocks:framed_sign":71,"minecraft:string":1,"minecraft:lantern":10,"minecraft:item_frame":1,"minecraft:bone":2,"minecraft:candle":1,"minecraft:bell":2,"minecraft:spruce_planks":74,"minecraft:beef":1,"minecraft:white_stained_glass_pane":1,"minecraft:green_bed":2,"minecraft:quartz_pillar":1,"minecraft:arrow":1}},"DataVersion":3337}