{"stats":{"minecraft:used":{"minecraft:quartz_bricks":11,"minecraft:dark_oak_planks":12,"minecraft:dirt":14,"minecraft:sand":18,"minecraft:cobblestone":10,"minecraft:dirt_path":4,"minecraft:tall_grass":2,"minecraft:birch_planks":3,"minecraft:grass_block":41,"minecraft:red_nether_bricks":23,"minecraft:spruce_planks":4,"minecraft:stone":10,"minecraft:coarse_dirt":22,"minecraft:warped_planks":10,"minecraft:grass":11,"minecraft:mud_bricks":9,"minecraft:crimson_planks":9},"minecraft:picked_up":{"minecraft:candle":1},"minecraft:custom":{"minecraft:time_since_rest":199161,"minecraft:open_chest":1,"minecraft:crouch_one_cm":3698,"minecraft:sprint_one_cm":14195,"minecraft:play_time":199161,"minecraft:walk_one_cm":31829,"minecraft:sneak_time":2216,"minecraft:jump":99,"minecraft:leave_game":5,"minecraft:time_since_death":199161,"minecraft:total_world_time":200445,"minecraft:fly_one_cm":38019}},"DataVersion":3337}