{"stats":{"minecraft:used":{"pointblank:workstation":1,"minecraft:splash_potion":2},"minecraft:killed":{"minecraft:pig":3,"minecraft:creeper":1},"minecraft:custom":{"minecraft:jump":47,"minecraft:time_since_rest":17200,"minecraft:crouch_one_cm":513,"minecraft:leave_game":2,"minecraft:play_time":17200,"minecraft:sprint_one_cm":16185,"minecraft:damage_taken":30,"minecraft:time_since_death":17200,"minecraft:walk_one_cm":9281,"minecraft:sneak_time":269,"minecraft:total_world_time":17200,"minecraft:mob_kills":4,"minecraft:fly_one_cm":10624}},"DataVersion":3337}