{"stats":{"minecraft:custom":{"minecraft:interact_with_furnace":1,"minecraft:mob_kills":2,"minecraft:interact_with_grindstone":3,"minecraft:leave_game":22,"minecraft:time_since_death":881976,"minecraft:time_since_rest":881976,"minecraft:sprint_one_cm":208813,"minecraft:damage_taken":35,"minecraft:walk_one_cm":356245,"minecraft:drop":3,"minecraft:damage_dealt":230,"minecraft:talked_to_villager":1,"minecraft:fly_one_cm":2922956,"minecraft:open_chest":15,"minecraft:crouch_one_cm":43471,"minecraft:play_time":881976,"minecraft:sneak_time":28338,"minecraft:jump":1287,"minecraft:total_world_time":883260,"minecraft:fall_one_cm":539},"minecraft:dropped":{"minecraft:quartz_pillar":1,"minecraft:item_frame":1,"minecraft:white_stained_glass_pane":1},"minecraft:killed":{"minecraft:skeleton":1,"minecraft:cow":1},"minecraft:used":{"minecraft:quartz_bricks":138,"minecraft:moss_block":30,"minecraft:dark_oak_stairs":40,"minecraft:netherite_sword":2,"minecraft:damaged_anvil":2,"minecraft:cow_spawn_egg":1,"minecraft:iron_bars":18,"minecraft:mangrove_wood":21,"minecraft:dirt_path":4,"minecraft:cobblestone_stairs":41,"minecraft:lodestone":6,"minecraft:spruce_door":1,"minecraft:orange_concrete":10,"minecraft:birch_planks":619,"framedblocks:framed_slab":13,"minecraft:gray_carpet":1,"minecraft:red_nether_bricks":303,"framedblocks:framed_stairs":38,"minecraft:chest":60,"minecraft:spruce_planks":6,"minecraft:stone":10,"minecraft:zombie_spawn_egg":1,"framedblocks:framed_cube":4,"minecraft:cauldron":1,"minecraft:spruce_sign":1,"minecraft:red_nether_brick_stairs":105,"minecraft:grass":11,"minecraft:green_bed":32,"minecraft:bell":8,"framedblocks:framed_wall":352,"minecraft:oak_leaves":91,"minecraft:jungle_wood":3,"minecraft:dirt":14,"minecraft:sand":18,"minecraft:red_nether_brick_slab":186,"minecraft:terracotta":228,"minecraft:white_carpet":27,"minecraft:cobblestone_wall":9,"minecraft:campfire":1,"minecraft:chiseled_quartz_block":53,"minecraft:stone_brick_wall":72,"minecraft:polished_granite_slab":205,"minecraft:end_stone":40,"minecraft:warped_planks":83,"minecraft:lightning_rod":1,"minecraft:dark_oak_planks":583,"framedblocks:framed_vertical_stairs":2,"minecraft:cornflower":5,"minecraft:quartz_pillar":6,"minecraft:spruce_wood":4,"minecraft:lantern":41,"minecraft:grass_block":234,"minecraft:warped_slab":516,"minecraft:crimson_slab":234,"minecraft:quartz_block":22,"minecraft:white_glazed_terracotta":58,"minecraft:polished_granite":62,"framedblocks:framed_panel":20,"minecraft:mud_bricks":9,"minecraft:crimson_planks":338,"minecraft:stone_brick_stairs":36,"minecraft:stone_bricks":133,"framedblocks:framed_sign":231,"minecraft:item_frame":32,"minecraft:red_carpet":3,"minecraft:red_nether_brick_wall":141,"minecraft:cobblestone":152,"minecraft:warped_stairs":69,"minecraft:tall_grass":2,"minecraft:hay_block":2,"minecraft:crimson_stairs":676,"minecraft:furnace":1,"minecraft:grindstone":11,"minecraft:white_stained_glass_pane":72,"minecraft:chain":2,"minecraft:coarse_dirt":31,"minecraft:birch_stairs":1},"minecraft:picked_up":{"minecraft:lead":1,"framedblocks:framed_sign":50,"minecraft:string":1,"minecraft:lantern":10,"minecraft:item_frame":1,"minecraft:bone":2,"minecraft:candle":1,"minecraft:bell":2,"minecraft:spruce_planks":53,"minecraft:beef":1,"minecraft:white_stained_glass_pane":1,"minecraft:green_bed":2,"minecraft:quartz_pillar":1,"minecraft:arrow":1}},"DataVersion":3337}