{"stats":{"minecraft:mined":{"minecraft:cobblestone":16,"minecraft:grass":2},"minecraft:dropped":{"minecraft:bread":256,"minecraft:iron_sword":3,"minecraft:cooked_beef":40,"minecraft:baked_potato":128,"pointblank:m4sopmodii":1,"minecraft:glass_bottle":16,"pointblank:uar10":1,"minecraft:diamond_leggings":5,"pointblank:citoricxs":1,"pointblank:mk14ebr":1,"pointblank:deserteagle":2,"minecraft:iron_helmet":4,"minecraft:cobblestone":577,"pointblank:wa2000":1,"pointblank:m870":2,"minecraft:quartz_pillar":1,"pointblank:c14":1,"minecraft:coal":1,"minecraft:golden_apple":112,"minecraft:item_frame":1,"pointblank:ammocreative":1408,"minecraft:diamond_helmet":6,"minecraft:potion":31,"minecraft:iron_leggings":4,"minecraft:white_stained_glass_pane":1,"minecraft:wooden_sword":1,"minecraft:iron_axe":3,"minecraft:iron_pickaxe":2,"pointblank:g36c":2,"minecraft:iron_boots":4,"pointblank:sl8":1,"pointblank:aa12":1,"minecraft:warped_planks":1,"minecraft:potato":64,"minecraft:stone":1,"minecraft:trident":5,"minecraft:diamond_chestplate":5,"minecraft:iron_chestplate":4,"minecraft:diamond_pickaxe":1,"minecraft:diamond_boots":5,"minecraft:red_nether_bricks":1,"pointblank:xm3":1,"pointblank:m590":2,"pointblank:gm6lynx":1,"pointblank:hs12":1},"minecraft:broken":{"minecraft:diamond_chestplate":1,"minecraft:diamond_helmet":2,"minecraft:iron_boots":2,"minecraft:diamond_leggings":1,"minecraft:diamond_boots":1,"minecraft:wooden_sword":1,"minecraft:iron_helmet":2},"minecraft:custom":{"minecraft:mob_kills":2,"minecraft:leave_game":36,"minecraft:time_since_death":4395,"minecraft:sprint_one_cm":584558,"minecraft:walk_one_cm":833270,"minecraft:drop":171,"minecraft:damage_dealt_absorbed":457,"minecraft:talked_to_villager":1,"minecraft:play_time":1447799,"minecraft:deaths":24,"minecraft:sneak_time":70779,"minecraft:jump":4616,"minecraft:total_world_time":1449083,"minecraft:interact_with_furnace":1,"minecraft:interact_with_grindstone":3,"minecraft:time_since_rest":4422,"minecraft:damage_taken":28553,"minecraft:damage_absorbed":474,"minecraft:damage_dealt":5979,"minecraft:fly_one_cm":8729114,"minecraft:player_kills":46,"minecraft:open_chest":15,"minecraft:crouch_one_cm":96526,"minecraft:fall_one_cm":35602},"minecraft:killed":{"minecraft:skeleton":1,"minecraft:cow":1},"minecraft:picked_up":{"minecraft:iron_chestplate":1,"pointblank:spas12":2,"minecraft:lead":1,"framedblocks:framed_sign":72,"pointblank:xm3":1,"pointblank:aa12":1,"minecraft:string":1,"pointblank:l96a1":1,"minecraft:red_nether_bricks":1,"minecraft:iron_leggings":1,"minecraft:item_frame":1,"minecraft:diamond_leggings":1,"minecraft:candle":1,"minecraft:spruce_planks":74,"minecraft:beef":1,"minecraft:iron_boots":1,"minecraft:stone":1,"minecraft:green_bed":3,"minecraft:quartz_pillar":1,"minecraft:warped_planks":1,"pointblank:m249":1,"minecraft:arrow":1,"minecraft:diamond_chestplate":1,"minecraft:diamond_boots":1,"pointblank:mp5":1,"minecraft:cobblestone":81,"pointblank:m870":2,"pointblank:citoricxs":1,"minecraft:dirt":25,"minecraft:lantern":10,"pointblank:g36c":1,"minecraft:bone":2,"minecraft:wheat_seeds":1,"minecraft:bell":2,"minecraft:diamond_helmet":2,"pointblank:ak12":1,"minecraft:glass_bottle":3,"pointblank:glock18":1,"pointblank:gm6lynx":1,"minecraft:white_stained_glass_pane":1,"pointblank:c14":1,"minecraft:iron_helmet":1,"minecraft:bread":64,"pointblank:mk14ebr":1,"minecraft:coal":1},"minecraft:killed_by":{"minecraft:player":24},"minecraft:used":{"minecraft:moss_block":30,"framedblocks:framed_fence":16,"minecraft:trident":18,"minecraft:netherite_sword":2,"minecraft:iron_bars":24,"minecraft:orange_concrete":10,"framedblocks:framed_slab":13,"framedblocks:framed_stairs":179,"minecraft:chest":60,"minecraft:spruce_planks":9,"minecraft:stone":11,"minecraft:iron_sword":153,"minecraft:zombie_spawn_egg":1,"minecraft:red_nether_brick_stairs":215,"minecraft:grass":739,"minecraft:bell":8,"minecraft:dirt":26,"minecraft:soul_sand":14,"minecraft:red_nether_brick_slab":246,"minecraft:white_carpet":27,"minecraft:cobblestone_wall":9,"minecraft:polished_granite_slab":205,"minecraft:stone_brick_slab":477,"minecraft:dark_oak_planks":1063,"minecraft:quartz_pillar":20,"minecraft:spruce_wood":4,"minecraft:lantern":41,"minecraft:grass_block":1177,"minecraft:quartz_block":28,"minecraft:crimson_slab":481,"framedblocks:framed_panel":20,"minecraft:mud_bricks":9,"minecraft:crimson_planks":787,"minecraft:stone_brick_stairs":36,"minecraft:stone_bricks":382,"framedblocks:framed_sign":272,"minecraft:item_frame":32,"minecraft:red_carpet":3,"minecraft:red_nether_brick_wall":192,"minecraft:warped_stairs":69,"minecraft:tall_grass":2,"minecraft:hay_block":2,"minecraft:furnace":1,"minecraft:white_stained_glass_pane":126,"minecraft:cobbled_deepslate":1,"minecraft:quartz_bricks":326,"minecraft:dark_oak_stairs":40,"minecraft:cow_spawn_egg":1,"minecraft:damaged_anvil":2,"minecraft:mangrove_wood":21,"minecraft:cobblestone_stairs":50,"minecraft:dirt_path":4,"minecraft:spruce_door":1,"minecraft:lodestone":6,"minecraft:birch_planks":1167,"minecraft:gray_carpet":1,"minecraft:baked_potato":54,"minecraft:red_nether_bricks":534,"framedblocks:framed_cube":4,"minecraft:cauldron":1,"minecraft:spruce_sign":1,"minecraft:green_bed":32,"framedblocks:framed_wall":471,"minecraft:oak_leaves":91,"minecraft:golden_apple":59,"minecraft:jungle_wood":3,"minecraft:sand":18,"minecraft:terracotta":228,"minecraft:campfire":2,"minecraft:chiseled_quartz_block":107,"minecraft:gray_concrete":96,"minecraft:stone_brick_wall":80,"minecraft:end_stone":40,"minecraft:warped_planks":90,"minecraft:lightning_rod":1,"framedblocks:framed_vertical_stairs":2,"minecraft:diamond_pickaxe":1,"minecraft:cornflower":5,"minecraft:bread":45,"minecraft:warped_slab":516,"minecraft:iron_pickaxe":15,"minecraft:white_glazed_terracotta":58,"minecraft:polished_granite":62,"minecraft:wooden_sword":59,"minecraft:cobblestone":958,"minecraft:potion":24,"minecraft:crimson_stairs":1286,"minecraft:grindstone":11,"minecraft:chain":2,"minecraft:coarse_dirt":514,"minecraft:bone_meal":2,"minecraft:birch_stairs":1}},"DataVersion":3337}