{"stats":{"minecraft:custom":{"minecraft:interact_with_furnace":1,"minecraft:mob_kills":2,"minecraft:interact_with_grindstone":3,"minecraft:leave_game":32,"minecraft:time_since_death":1153848,"minecraft:time_since_rest":1153848,"minecraft:sprint_one_cm":265791,"minecraft:damage_taken":35,"minecraft:walk_one_cm":441169,"minecraft:drop":3,"minecraft:damage_dealt":230,"minecraft:talked_to_villager":1,"minecraft:fly_one_cm":6919114,"minecraft:open_chest":15,"minecraft:crouch_one_cm":58068,"minecraft:play_time":1153848,"minecraft:sneak_time":52046,"minecraft:jump":1822,"minecraft:total_world_time":1155132,"minecraft:fall_one_cm":748},"minecraft:dropped":{"minecraft:quartz_pillar":1,"minecraft:item_frame":1,"minecraft:white_stained_glass_pane":1},"minecraft:killed":{"minecraft:skeleton":1,"minecraft:cow":1},"minecraft:used":{"minecraft:quartz_bricks":326,"minecraft:moss_block":30,"framedblocks:framed_fence":16,"minecraft:dark_oak_stairs":40,"minecraft:netherite_sword":2,"minecraft:damaged_anvil":2,"minecraft:mangrove_wood":21,"minecraft:cow_spawn_egg":1,"minecraft:iron_bars":24,"minecraft:dirt_path":4,"minecraft:cobblestone_stairs":50,"minecraft:lodestone":6,"minecraft:spruce_door":1,"minecraft:orange_concrete":10,"minecraft:birch_planks":812,"framedblocks:framed_slab":13,"minecraft:gray_carpet":1,"minecraft:red_nether_bricks":497,"framedblocks:framed_stairs":179,"minecraft:chest":60,"minecraft:spruce_planks":7,"minecraft:stone":11,"minecraft:zombie_spawn_egg":1,"framedblocks:framed_cube":4,"minecraft:cauldron":1,"minecraft:spruce_sign":1,"minecraft:red_nether_brick_stairs":174,"minecraft:grass":739,"minecraft:green_bed":32,"minecraft:bell":8,"framedblocks:framed_wall":431,"minecraft:oak_leaves":91,"minecraft:jungle_wood":3,"minecraft:soul_sand":14,"minecraft:dirt":26,"minecraft:sand":18,"minecraft:red_nether_brick_slab":188,"minecraft:terracotta":228,"minecraft:white_carpet":27,"minecraft:cobblestone_wall":9,"minecraft:campfire":2,"minecraft:chiseled_quartz_block":107,"minecraft:stone_brick_wall":80,"minecraft:gray_concrete":96,"minecraft:polished_granite_slab":205,"minecraft:end_stone":40,"minecraft:warped_planks":83,"minecraft:lightning_rod":1,"minecraft:dark_oak_planks":735,"minecraft:stone_brick_slab":477,"framedblocks:framed_vertical_stairs":2,"minecraft:cornflower":5,"minecraft:quartz_pillar":20,"minecraft:spruce_wood":4,"minecraft:lantern":41,"minecraft:grass_block":1175,"minecraft:warped_slab":516,"minecraft:crimson_slab":234,"minecraft:quartz_block":28,"minecraft:white_glazed_terracotta":58,"minecraft:polished_granite":62,"framedblocks:framed_panel":20,"minecraft:mud_bricks":9,"minecraft:crimson_planks":338,"minecraft:stone_brick_stairs":36,"minecraft:stone_bricks":382,"framedblocks:framed_sign":247,"minecraft:item_frame":32,"minecraft:red_carpet":3,"minecraft:red_nether_brick_wall":141,"minecraft:cobblestone":164,"minecraft:warped_stairs":69,"minecraft:tall_grass":2,"minecraft:hay_block":2,"minecraft:crimson_stairs":676,"minecraft:furnace":1,"minecraft:grindstone":11,"minecraft:white_stained_glass_pane":107,"minecraft:chain":2,"minecraft:coarse_dirt":511,"minecraft:cobbled_deepslate":1,"minecraft:bone_meal":2,"minecraft:birch_stairs":1},"minecraft:picked_up":{"minecraft:lead":1,"framedblocks:framed_sign":72,"minecraft:string":1,"minecraft:lantern":10,"minecraft:item_frame":1,"minecraft:bone":2,"minecraft:candle":1,"minecraft:bell":2,"minecraft:spruce_planks":74,"minecraft:beef":1,"minecraft:white_stained_glass_pane":1,"minecraft:green_bed":3,"minecraft:quartz_pillar":1,"minecraft:arrow":1}},"DataVersion":3337}