{"stats":{"minecraft:dropped":{"minecraft:quartz_pillar":1,"minecraft:white_stained_glass_pane":1},"minecraft:picked_up":{"minecraft:lead":1,"minecraft:string":1,"minecraft:bone":2,"minecraft:candle":1,"minecraft:bell":1,"minecraft:beef":1,"minecraft:white_stained_glass_pane":1,"minecraft:quartz_pillar":1,"minecraft:arrow":1},"minecraft:custom":{"minecraft:interact_with_furnace":1,"minecraft:mob_kills":2,"minecraft:interact_with_grindstone":2,"minecraft:leave_game":13,"minecraft:time_since_death":750457,"minecraft:time_since_rest":750457,"minecraft:sprint_one_cm":141507,"minecraft:damage_taken":25,"minecraft:walk_one_cm":237463,"minecraft:drop":2,"minecraft:damage_dealt":230,"minecraft:talked_to_villager":1,"minecraft:fly_one_cm":2198900,"minecraft:open_chest":15,"minecraft:crouch_one_cm":30686,"minecraft:play_time":750457,"minecraft:sneak_time":20676,"minecraft:jump":931,"minecraft:total_world_time":751741,"minecraft:fall_one_cm":209},"minecraft:used":{"minecraft:quartz_bricks":138,"minecraft:moss_block":17,"minecraft:dark_oak_stairs":40,"minecraft:netherite_sword":2,"minecraft:cow_spawn_egg":1,"minecraft:damaged_anvil":2,"minecraft:iron_bars":18,"minecraft:dirt_path":4,"minecraft:orange_concrete":10,"minecraft:spruce_door":1,"minecraft:lodestone":6,"minecraft:birch_planks":502,"minecraft:gray_carpet":1,"minecraft:red_nether_bricks":257,"framedblocks:framed_stairs":11,"minecraft:spruce_planks":4,"minecraft:chest":41,"minecraft:stone":10,"minecraft:zombie_spawn_egg":1,"minecraft:spruce_sign":1,"minecraft:cauldron":1,"minecraft:red_nether_brick_stairs":84,"minecraft:grass":11,"minecraft:green_bed":3,"minecraft:bell":5,"framedblocks:framed_wall":161,"minecraft:oak_leaves":42,"minecraft:dirt":14,"minecraft:sand":18,"minecraft:red_nether_brick_slab":175,"minecraft:terracotta":75,"minecraft:white_carpet":27,"minecraft:cobblestone_wall":5,"minecraft:chiseled_quartz_block":53,"minecraft:stone_brick_wall":72,"minecraft:polished_granite_slab":131,"minecraft:end_stone":40,"minecraft:warped_planks":15,"minecraft:lightning_rod":1,"minecraft:dark_oak_planks":462,"framedblocks:framed_vertical_stairs":2,"minecraft:cornflower":5,"minecraft:quartz_pillar":6,"minecraft:lantern":21,"minecraft:grass_block":190,"minecraft:crimson_slab":140,"minecraft:quartz_block":22,"minecraft:white_glazed_terracotta":25,"minecraft:polished_granite":9,"framedblocks:framed_panel":20,"minecraft:mud_bricks":9,"minecraft:crimson_planks":320,"minecraft:stone_brick_stairs":36,"minecraft:stone_bricks":133,"framedblocks:framed_sign":51,"minecraft:item_frame":18,"minecraft:red_nether_brick_wall":141,"minecraft:cobblestone":10,"minecraft:tall_grass":2,"minecraft:crimson_stairs":537,"minecraft:grindstone":8,"minecraft:white_stained_glass_pane":66,"minecraft:coarse_dirt":31,"minecraft:birch_stairs":1},"minecraft:killed":{"minecraft:skeleton":1,"minecraft:cow":1}},"DataVersion":3337}