{"stats":{"minecraft:picked_up":{"minecraft:candle":1},"minecraft:custom":{"minecraft:time_since_rest":275053,"minecraft:open_chest":1,"minecraft:crouch_one_cm":7202,"minecraft:sprint_one_cm":25495,"minecraft:play_time":275053,"minecraft:walk_one_cm":53836,"minecraft:sneak_time":4197,"minecraft:jump":150,"minecraft:leave_game":7,"minecraft:time_since_death":275053,"minecraft:total_world_time":276337,"minecraft:fly_one_cm":394848},"minecraft:used":{"minecraft:stone_bricks":7,"minecraft:quartz_bricks":13,"minecraft:dark_oak_planks":12,"minecraft:cornflower":5,"minecraft:iron_bars":18,"minecraft:dirt":14,"minecraft:sand":18,"minecraft:cobblestone":10,"minecraft:dirt_path":4,"minecraft:lodestone":6,"minecraft:tall_grass":2,"minecraft:birch_planks":3,"minecraft:grass_block":84,"minecraft:cobblestone_wall":3,"minecraft:red_nether_bricks":23,"minecraft:quartz_block":14,"minecraft:chiseled_quartz_block":30,"minecraft:spruce_planks":4,"minecraft:stone":10,"minecraft:polished_granite":9,"minecraft:coarse_dirt":22,"minecraft:warped_planks":10,"minecraft:grass":11,"minecraft:mud_bricks":9,"minecraft:crimson_planks":9}},"DataVersion":3337}