{"stats":{"minecraft:killed_by":{"minecraft:player":1},"minecraft:dropped":{"pointblank:deserteagle":1},"minecraft:custom":{"minecraft:jump":118,"minecraft:time_since_rest":3129,"minecraft:leave_game":1,"minecraft:damage_dealt":50,"minecraft:crouch_one_cm":54,"minecraft:deaths":1,"minecraft:sprint_one_cm":3518,"minecraft:play_time":9737,"minecraft:damage_taken":375,"minecraft:time_since_death":3085,"minecraft:walk_one_cm":14766,"minecraft:sneak_time":53,"minecraft:total_world_time":9737,"minecraft:drop":1,"minecraft:fall_one_cm":1581,"minecraft:fly_one_cm":10927},"minecraft:picked_up":{"pointblank:ammocreative":64,"pointblank:m4a1mod1":1,"pointblank:deserteagle":2,"pointblank:sl8":1}},"DataVersion":3337}