{"stats":{"minecraft:broken":{"minecraft:diamond_boots":3,"minecraft:shield":1,"minecraft:diamond_chestplate":2,"minecraft:diamond_leggings":3,"minecraft:diamond_helmet":3},"minecraft:killed_by":{"minecraft:player":154},"minecraft:custom":{"minecraft:time_since_rest":491,"minecraft:damage_taken":48111,"minecraft:sprint_one_cm":306888,"minecraft:walk_one_cm":421226,"minecraft:damage_absorbed":1729,"minecraft:damage_blocked_by_shield":2860,"minecraft:drop":9,"minecraft:damage_dealt":2302,"minecraft:damage_dealt_absorbed":676,"minecraft:fly_one_cm":700275,"minecraft:player_kills":90,"minecraft:crouch_one_cm":11485,"minecraft:play_time":133199,"minecraft:deaths":154,"minecraft:sneak_time":7300,"minecraft:jump":2953,"minecraft:leave_game":5,"minecraft:walk_on_water_one_cm":322,"minecraft:time_since_death":464,"minecraft:total_world_time":133199,"minecraft:fall_one_cm":75818},"minecraft:used":{"minecraft:trident":4,"minecraft:water_bucket":9,"minecraft:iron_axe":7,"minecraft:baked_potato":18,"minecraft:iron_pickaxe":70,"minecraft:shield":57,"minecraft:iron_sword":81,"minecraft:golden_apple":96,"minecraft:dirt":1,"minecraft:target":1,"minecraft:cobblestone":218,"minecraft:bucket":8,"minecraft:cooked_beef":9},"minecraft:dropped":{"minecraft:dirt":1,"pointblank:pistol1":7,"pointblank:deserteagle":1},"minecraft:picked_up":{"minecraft:chainmail_boots":1,"pointblank:ammocreative":896,"pointblank:m4sopmodii":1,"minecraft:cooked_beef":64,"pointblank:spas12":1,"pointblank:pistol1":9,"pointblank:pistol2":1,"pointblank:aughbar":1,"minecraft:chainmail_chestplate":1,"minecraft:trident":4,"pointblank:m249":2,"pointblank:pistolammo1":320,"minecraft:dirt":1,"pointblank:riffleammo1":128,"minecraft:iron_axe":2,"pointblank:at4":1,"pointblank:sniper1":1,"pointblank:deserteagle":3,"minecraft:diamond_chestplate":2,"minecraft:diamond_leggings":2,"minecraft:chainmail_leggings":1,"minecraft:diamond_boots":2,"minecraft:golden_apple":68,"minecraft:chainmail_helmet":1,"pointblank:m4a1mod1":1,"minecraft:baked_potato":128,"minecraft:iron_pickaxe":2,"minecraft:diamond_helmet":2,"pointblank:sl8":1,"minecraft:iron_sword":2,"pointblank:m950":2,"pointblank:cantimplora":1,"minecraft:cobblestone":648},"minecraft:mined":{"minecraft:grass":3,"minecraft:cobblestone":70}},"DataVersion":3337}