{"stats":{"minecraft:used":{"minecraft:iron_axe":7,"minecraft:baked_potato":13,"minecraft:iron_pickaxe":70,"minecraft:shield":57,"minecraft:iron_sword":68,"minecraft:golden_apple":66,"minecraft:cobblestone":195},"minecraft:mined":{"minecraft:grass":3,"minecraft:cobblestone":70},"minecraft:dropped":{"pointblank:deserteagle":1},"minecraft:picked_up":{"pointblank:ammocreative":640,"pointblank:m4sopmodii":1,"pointblank:spas12":1,"pointblank:aughbar":1,"pointblank:m249":2,"minecraft:iron_axe":1,"pointblank:at4":1,"pointblank:deserteagle":3,"minecraft:diamond_chestplate":1,"minecraft:diamond_leggings":1,"minecraft:diamond_boots":1,"minecraft:golden_apple":33,"pointblank:m4a1mod1":1,"minecraft:baked_potato":64,"minecraft:iron_pickaxe":1,"minecraft:diamond_helmet":1,"pointblank:sl8":1,"minecraft:iron_sword":1,"pointblank:m950":2,"minecraft:cobblestone":264},"minecraft:killed_by":{"minecraft:player":139},"minecraft:custom":{"minecraft:time_since_rest":7291,"minecraft:damage_absorbed":1249,"minecraft:sprint_one_cm":258050,"minecraft:damage_taken":41989,"minecraft:walk_one_cm":284135,"minecraft:damage_blocked_by_shield":2860,"minecraft:drop":1,"minecraft:damage_dealt":1867,"minecraft:damage_dealt_absorbed":556,"minecraft:fly_one_cm":577886,"minecraft:player_kills":89,"minecraft:crouch_one_cm":8696,"minecraft:play_time":96661,"minecraft:deaths":139,"minecraft:sneak_time":5489,"minecraft:jump":2438,"minecraft:leave_game":4,"minecraft:time_since_death":6813,"minecraft:total_world_time":96661,"minecraft:fall_one_cm":61399},"minecraft:broken":{"minecraft:diamond_boots":3,"minecraft:shield":1,"minecraft:diamond_chestplate":2,"minecraft:diamond_leggings":3,"minecraft:diamond_helmet":3}},"DataVersion":3337}