{"stats":{"minecraft:custom":{"minecraft:time_since_rest":35821,"minecraft:sprint_one_cm":81879,"minecraft:damage_taken":310,"minecraft:walk_one_cm":76275,"minecraft:mob_kills":4,"minecraft:damage_dealt":637,"minecraft:swim_one_cm":5518,"minecraft:interact_with_crafting_table":4,"minecraft:fly_one_cm":54201,"minecraft:crouch_one_cm":729,"minecraft:play_time":35821,"minecraft:sneak_time":238,"minecraft:walk_under_water_one_cm":4086,"minecraft:boat_one_cm":131118,"minecraft:jump":311,"minecraft:leave_game":1,"minecraft:time_since_death":35821,"minecraft:walk_on_water_one_cm":2366,"minecraft:total_world_time":35821,"minecraft:fall_one_cm":6708},"minecraft:used":{"minecraft:spruce_boat":4,"minecraft:cooked_mutton":2,"minecraft:wooden_axe":1,"minecraft:stone_pickaxe":10,"minecraft:wooden_pickaxe":35,"minecraft:spruce_sapling":1,"minecraft:stone_axe":33,"minecraft:cobblestone":21,"minecraft:dirt":4,"minecraft:mutton":1,"minecraft:crafting_table":4},"minecraft:killed":{"minecraft:sheep":3,"minecraft:skeleton":1},"minecraft:crafted":{"minecraft:crafting_table":1,"minecraft:spruce_planks":28,"minecraft:stick":12,"minecraft:wooden_pickaxe":1,"minecraft:stone_pickaxe":2,"minecraft:wooden_axe":1,"minecraft:spruce_boat":1,"minecraft:stone_axe":1},"minecraft:mined":{"minecraft:ice":6,"minecraft:spruce_log":7,"minecraft:crafting_table":4,"minecraft:grass_block":1,"minecraft:oak_log":14,"minecraft:dirt":2,"minecraft:spruce_leaves":2,"minecraft:stone":35},"minecraft:picked_up":{"minecraft:crafting_table":5,"minecraft:oak_log":14,"minecraft:spruce_sapling":1,"minecraft:spruce_log":7,"minecraft:dirt":4,"minecraft:cooked_mutton":2,"minecraft:bone":2,"minecraft:spruce_boat":4,"minecraft:mutton":4,"minecraft:white_wool":3,"minecraft:cobblestone":36}},"DataVersion":3953}