{"stats":{"minecraft:custom":{"minecraft:time_since_rest":29902,"minecraft:sprint_one_cm":69366,"minecraft:damage_taken":165,"minecraft:walk_one_cm":63804,"minecraft:mob_kills":2,"minecraft:damage_dealt":325,"minecraft:swim_one_cm":1857,"minecraft:interact_with_crafting_table":3,"minecraft:fly_one_cm":51751,"minecraft:crouch_one_cm":729,"minecraft:play_time":29902,"minecraft:sneak_time":236,"minecraft:walk_under_water_one_cm":1279,"minecraft:boat_one_cm":60844,"minecraft:jump":271,"minecraft:time_since_death":29902,"minecraft:walk_on_water_one_cm":1891,"minecraft:total_world_time":29902,"minecraft:fall_one_cm":6499},"minecraft:used":{"minecraft:spruce_boat":3,"minecraft:cooked_mutton":2,"minecraft:wooden_axe":1,"minecraft:stone_pickaxe":10,"minecraft:wooden_pickaxe":35,"minecraft:spruce_sapling":1,"minecraft:stone_axe":10,"minecraft:cobblestone":21,"minecraft:dirt":4,"minecraft:mutton":1,"minecraft:crafting_table":3},"minecraft:killed":{"minecraft:sheep":1,"minecraft:skeleton":1},"minecraft:crafted":{"minecraft:crafting_table":1,"minecraft:spruce_planks":28,"minecraft:stick":12,"minecraft:wooden_pickaxe":1,"minecraft:stone_pickaxe":2,"minecraft:wooden_axe":1,"minecraft:spruce_boat":1,"minecraft:stone_axe":1},"minecraft:mined":{"minecraft:ice":6,"minecraft:spruce_log":7,"minecraft:crafting_table":3,"minecraft:grass_block":1,"minecraft:dirt":2,"minecraft:spruce_leaves":2,"minecraft:stone":35},"minecraft:picked_up":{"minecraft:crafting_table":4,"minecraft:spruce_sapling":1,"minecraft:spruce_log":7,"minecraft:dirt":4,"minecraft:cooked_mutton":2,"minecraft:bone":2,"minecraft:spruce_boat":2,"minecraft:mutton":1,"minecraft:white_wool":1,"minecraft:cobblestone":36}},"DataVersion":3953}