{"stats":{"minecraft:custom":{"minecraft:time_since_rest":17902,"minecraft:crouch_one_cm":697,"minecraft:play_time":17902,"minecraft:sprint_one_cm":51447,"minecraft:damage_taken":75,"minecraft:walk_one_cm":35104,"minecraft:sneak_time":232,"minecraft:walk_under_water_one_cm":93,"minecraft:mob_kills":1,"minecraft:jump":193,"minecraft:damage_dealt":283,"minecraft:walk_on_water_one_cm":80,"minecraft:time_since_death":17902,"minecraft:total_world_time":17902,"minecraft:fall_one_cm":4394,"minecraft:interact_with_crafting_table":2,"minecraft:fly_one_cm":38648},"minecraft:used":{"minecraft:stone_axe":8,"minecraft:wooden_axe":1,"minecraft:cobblestone":20,"minecraft:crafting_table":2,"minecraft:wooden_pickaxe":35,"minecraft:spruce_sapling":1},"minecraft:killed":{"minecraft:sheep":1},"minecraft:crafted":{"minecraft:stone_axe":1,"minecraft:crafting_table":1,"minecraft:spruce_planks":28,"minecraft:stick":12,"minecraft:wooden_pickaxe":1,"minecraft:stone_pickaxe":2,"minecraft:wooden_axe":1},"minecraft:mined":{"minecraft:stone":35,"minecraft:spruce_leaves":2,"minecraft:spruce_log":7,"minecraft:crafting_table":2},"minecraft:picked_up":{"minecraft:crafting_table":2,"minecraft:spruce_sapling":1,"minecraft:spruce_log":7,"minecraft:mutton":1,"minecraft:white_wool":1,"minecraft:cobblestone":36}},"DataVersion":3953}