{"stats":{"minecraft:killed":{"minecraft:skeleton":1,"minecraft:creeper":1},"minecraft:crafted":{"minecraft:wooden_shovel":1,"minecraft:crafting_table":2,"minecraft:spruce_planks":92,"minecraft:stick":20,"minecraft:wooden_pickaxe":2,"minecraft:stone_pickaxe":1,"minecraft:wooden_axe":2,"minecraft:furnace":1,"minecraft:spruce_boat":1,"minecraft:stone_axe":1},"minecraft:used":{"minecraft:spruce_boat":4,"minecraft:wooden_axe":23,"minecraft:bread":1,"minecraft:stone_pickaxe":5,"minecraft:wooden_pickaxe":21,"minecraft:wooden_shovel":5,"minecraft:stone_axe":17,"minecraft:dirt":6,"minecraft:crafting_table":5,"minecraft:furnace":1,"minecraft:spruce_log":3},"minecraft:custom":{"minecraft:time_since_rest":10151,"minecraft:interact_with_furnace":1,"minecraft:sprint_one_cm":40647,"minecraft:damage_taken":210,"minecraft:walk_one_cm":13374,"minecraft:mob_kills":2,"minecraft:damage_dealt":579,"minecraft:interact_with_crafting_table":7,"minecraft:fly_one_cm":66460,"minecraft:crouch_one_cm":1088,"minecraft:play_time":19324,"minecraft:bell_ring":10,"minecraft:deaths":1,"minecraft:sneak_time":1002,"minecraft:boat_one_cm":22919,"minecraft:jump":259,"minecraft:walk_on_water_one_cm":305,"minecraft:leave_game":6,"minecraft:time_since_death":10113,"minecraft:total_world_time":19324,"minecraft:fall_one_cm":6624},"minecraft:picked_up":{"minecraft:crafting_table":4,"minecraft:raw_iron":5,"minecraft:spruce_sapling":7,"minecraft:gunpowder":2,"minecraft:spruce_log":26,"minecraft:dirt":11,"minecraft:spruce_boat":4,"minecraft:sugar_cane":6,"minecraft:cobblestone":16},"minecraft:mined":{"minecraft:iron_ore":1,"minecraft:spruce_log":26,"minecraft:crafting_table":4,"minecraft:short_grass":1,"minecraft:grass_block":3,"minecraft:deepslate_iron_ore":4,"minecraft:dirt":8,"minecraft:spruce_leaves":2,"minecraft:stone":16,"minecraft:sugar_cane":2},"minecraft:killed_by":{"minecraft:skeleton":1}},"DataVersion":3953}