{"stats":{"minecraft:killed":{"minecraft:skeleton":1,"minecraft:creeper":1},"minecraft:crafted":{"minecraft:crafting_table":2,"minecraft:spruce_planks":44,"minecraft:stick":16,"minecraft:wooden_pickaxe":1,"minecraft:stone_pickaxe":1,"minecraft:wooden_axe":2,"minecraft:furnace":1,"minecraft:spruce_boat":1,"minecraft:stone_axe":1},"minecraft:used":{"minecraft:spruce_boat":4,"minecraft:wooden_axe":15,"minecraft:bread":1,"minecraft:stone_pickaxe":5,"minecraft:wooden_pickaxe":20,"minecraft:stone_axe":17,"minecraft:dirt":6,"minecraft:crafting_table":4,"minecraft:furnace":1,"minecraft:spruce_log":3},"minecraft:custom":{"minecraft:time_since_rest":8137,"minecraft:interact_with_furnace":1,"minecraft:sprint_one_cm":35500,"minecraft:damage_taken":210,"minecraft:walk_one_cm":12338,"minecraft:mob_kills":2,"minecraft:damage_dealt":579,"minecraft:interact_with_crafting_table":5,"minecraft:fly_one_cm":50490,"minecraft:crouch_one_cm":1002,"minecraft:play_time":17310,"minecraft:deaths":1,"minecraft:sneak_time":916,"minecraft:boat_one_cm":22919,"minecraft:jump":206,"minecraft:walk_on_water_one_cm":305,"minecraft:leave_game":5,"minecraft:time_since_death":8099,"minecraft:total_world_time":17310,"minecraft:fall_one_cm":5939},"minecraft:picked_up":{"minecraft:crafting_table":4,"minecraft:raw_iron":5,"minecraft:spruce_sapling":7,"minecraft:gunpowder":2,"minecraft:spruce_log":19,"minecraft:dirt":6,"minecraft:spruce_boat":4,"minecraft:sugar_cane":6,"minecraft:cobblestone":15},"minecraft:mined":{"minecraft:iron_ore":1,"minecraft:spruce_log":19,"minecraft:crafting_table":4,"minecraft:short_grass":1,"minecraft:grass_block":2,"minecraft:deepslate_iron_ore":4,"minecraft:dirt":4,"minecraft:spruce_leaves":1,"minecraft:stone":15,"minecraft:sugar_cane":2},"minecraft:killed_by":{"minecraft:skeleton":1}},"DataVersion":3953}