{"stats":{"minecraft:dropped":{"pointblank:pistol1":3,"pointblank:shotgun2":1,"minecraft:wheat_seeds":3,"pointblank:riffleammo1":1,"pointblank:pistolammo1":1,"pointblank:botiquin":1,"pointblank:vendaje":1,"pointblank:hmadeammo1":1,"pointblank:jeringa":1,"pointblank:pistol3":1,"pointblank:sniperammo1":1},"minecraft:killed_by":{"minecraft:player":2},"minecraft:mined":{"minecraft:grass":9,"minecraft:white_stained_glass_pane":1},"minecraft:picked_up":{"minecraft:cooked_beef":64,"pointblank:hmadeammo1":1,"pointblank:pistol1":4,"pointblank:shotgunammo1":129,"pointblank:jeringa":1,"pointblank:shotgun1":1,"pointblank:shotgun2":1,"pointblank:pistolammo1":257,"pointblank:riffleammo1":513,"pointblank:sniperammo1":1,"minecraft:iron_axe":1,"pointblank:pistol3":1,"minecraft:diamond_chestplate":2,"pointblank:botiquin":1,"huntrun_decorative:cubiertos":1,"pointblank:vendaje":1,"minecraft:wheat_seeds":3,"minecraft:diamond_leggings":2,"minecraft:diamond_boots":2,"pointblank:rifle2":1,"minecraft:golden_apple":33,"minecraft:iron_pickaxe":1,"minecraft:diamond_helmet":2,"minecraft:baked_potato":64,"minecraft:iron_sword":1,"pointblank:cantimplora":2,"minecraft:cobblestone":256},"minecraft:used":{"huntrun_decorative:cubiertos":1,"minecraft:baked_potato":8,"minecraft:iron_sword":2,"minecraft:cobblestone":4,"minecraft:golden_apple":8,"minecraft:cooked_beef":8},"minecraft:custom":{"minecraft:time_since_rest":16866,"minecraft:damage_absorbed":120,"minecraft:sprint_one_cm":94006,"minecraft:damage_taken":769,"minecraft:walk_one_cm":238782,"minecraft:trigger_trapped_chest":6,"minecraft:drop":15,"minecraft:damage_dealt":25,"minecraft:damage_dealt_absorbed":43,"minecraft:swim_one_cm":61,"minecraft:fly_one_cm":61665,"minecraft:player_kills":1,"minecraft:crouch_one_cm":3141,"minecraft:play_time":44325,"minecraft:deaths":2,"minecraft:walk_under_water_one_cm":753,"minecraft:sneak_time":889,"minecraft:jump":569,"minecraft:leave_game":4,"minecraft:time_since_death":16840,"minecraft:walk_on_water_one_cm":426,"minecraft:total_world_time":44325,"minecraft:fall_one_cm":12021}},"DataVersion":3337}