{"stats":{"minecraft:custom":{"minecraft:time_since_rest":1789,"minecraft:damage_absorbed":602,"minecraft:damage_taken":9077,"minecraft:walk_one_cm":496401,"minecraft:sprint_one_cm":347188,"minecraft:trigger_trapped_chest":6,"minecraft:drop":25,"minecraft:damage_dealt":2206,"minecraft:damage_dealt_absorbed":714,"minecraft:swim_one_cm":61,"minecraft:fly_one_cm":343756,"minecraft:player_kills":39,"minecraft:crouch_one_cm":5361,"minecraft:play_time":120413,"minecraft:walk_under_water_one_cm":753,"minecraft:sneak_time":1842,"minecraft:deaths":33,"minecraft:jump":1906,"minecraft:leave_game":10,"minecraft:damage_resisted":82,"minecraft:time_since_death":1763,"minecraft:walk_on_water_one_cm":426,"minecraft:total_world_time":120413,"minecraft:fall_one_cm":49131},"minecraft:dropped":{"pointblank:pistol1":3,"minecraft:iron_sword":1,"pointblank:shotgun2":1,"minecraft:wheat_seeds":4,"pointblank:riffleammo1":1,"pointblank:pistolammo1":1,"minecraft:diamond_chestplate":1,"pointblank:botiquin":1,"pointblank:vendaje":1,"minecraft:diamond_leggings":1,"pointblank:hmadeammo1":1,"minecraft:cobblestone":16,"pointblank:sniper1":1,"minecraft:diamond_boots":1,"pointblank:jeringa":1,"minecraft:iron_axe":1,"minecraft:iron_pickaxe":1,"pointblank:pistol3":1,"pointblank:sniperammo1":1},"minecraft:broken":{"minecraft:diamond_helmet":1},"minecraft:picked_up":{"minecraft:chainmail_boots":1,"minecraft:cooked_beef":64,"pointblank:hmadeammo1":1,"pointblank:pistol1":4,"pointblank:shotgunammo1":385,"pointblank:pistol2":1,"pointblank:jeringa":1,"minecraft:chainmail_chestplate":1,"pointblank:shotgun2":1,"pointblank:shotgun1":2,"pointblank:pistolammo1":641,"pointblank:riffleammo1":1729,"pointblank:sniperammo1":129,"minecraft:iron_axe":3,"pointblank:sniper1":2,"pointblank:botiquin":1,"pointblank:pistol3":1,"minecraft:diamond_chestplate":4,"minecraft:wheat_seeds":4,"pointblank:vendaje":1,"huntrun_decorative:cubiertos":1,"minecraft:diamond_leggings":4,"minecraft:chainmail_leggings":1,"minecraft:diamond_boots":4,"pointblank:rifle2":2,"minecraft:golden_apple":70,"minecraft:chainmail_helmet":1,"minecraft:iron_pickaxe":3,"minecraft:diamond_helmet":4,"minecraft:baked_potato":256,"minecraft:enchanted_golden_apple":2,"minecraft:iron_sword":3,"pointblank:cantimplora":3,"minecraft:cobblestone":708},"minecraft:killed_by":{"minecraft:player":33},"minecraft:mined":{"minecraft:grass":11,"minecraft:white_stained_glass_pane":1,"minecraft:cobblestone":5},"minecraft:used":{"minecraft:iron_axe":14,"huntrun_decorative:cubiertos":1,"minecraft:iron_pickaxe":5,"minecraft:baked_potato":52,"minecraft:iron_sword":57,"minecraft:chainmail_helmet":1,"minecraft:cobblestone":271,"minecraft:golden_apple":21,"minecraft:chainmail_boots":1,"minecraft:chainmail_chestplate":1,"minecraft:cooked_beef":8,"minecraft:enchanted_golden_apple":2,"minecraft:chainmail_leggings":1}},"DataVersion":3337}