{"stats":{"minecraft:custom":{"minecraft:time_since_rest":5945,"minecraft:crouch_one_cm":324,"minecraft:play_time":5945,"minecraft:sprint_one_cm":15027,"minecraft:walk_one_cm":3643,"minecraft:sneak_time":576,"minecraft:boat_one_cm":15211,"minecraft:jump":98,"minecraft:walk_on_water_one_cm":285,"minecraft:time_since_death":5945,"minecraft:total_world_time":5945,"minecraft:fall_one_cm":3880,"minecraft:interact_with_crafting_table":3,"minecraft:fly_one_cm":27431},"minecraft:used":{"minecraft:spruce_boat":1,"minecraft:stone_axe":3,"minecraft:wooden_axe":8,"minecraft:dirt":6,"minecraft:crafting_table":3,"minecraft:wooden_pickaxe":20,"minecraft:spruce_log":2},"minecraft:crafted":{"minecraft:furnace":1,"minecraft:spruce_boat":1,"minecraft:stone_axe":1,"minecraft:crafting_table":1,"minecraft:spruce_planks":32,"minecraft:stick":12,"minecraft:stone_pickaxe":1,"minecraft:wooden_pickaxe":1,"minecraft:wooden_axe":1},"minecraft:mined":{"minecraft:grass_block":2,"minecraft:dirt":4,"minecraft:stone":15,"minecraft:spruce_leaves":1,"minecraft:spruce_log":10,"minecraft:sugar_cane":1,"minecraft:crafting_table":3},"minecraft:picked_up":{"minecraft:crafting_table":3,"minecraft:spruce_boat":1,"minecraft:spruce_sapling":4,"minecraft:spruce_log":10,"minecraft:sugar_cane":2,"minecraft:dirt":6,"minecraft:cobblestone":15}},"DataVersion":3953}