{"stats":{"minecraft:custom":{"minecraft:time_since_rest":2066,"minecraft:damage_absorbed":514,"minecraft:damage_taken":7779,"minecraft:walk_one_cm":462160,"minecraft:sprint_one_cm":307240,"minecraft:trigger_trapped_chest":6,"minecraft:drop":24,"minecraft:damage_dealt":2190,"minecraft:damage_dealt_absorbed":488,"minecraft:swim_one_cm":61,"minecraft:fly_one_cm":297937,"minecraft:player_kills":28,"minecraft:crouch_one_cm":5357,"minecraft:play_time":111502,"minecraft:walk_under_water_one_cm":753,"minecraft:sneak_time":1842,"minecraft:deaths":27,"minecraft:jump":1722,"minecraft:leave_game":9,"minecraft:damage_resisted":26,"minecraft:time_since_death":2040,"minecraft:walk_on_water_one_cm":426,"minecraft:total_world_time":111502,"minecraft:fall_one_cm":44303},"minecraft:dropped":{"pointblank:pistol1":3,"minecraft:iron_sword":1,"pointblank:shotgun2":1,"minecraft:wheat_seeds":4,"pointblank:riffleammo1":1,"pointblank:pistolammo1":1,"minecraft:diamond_chestplate":1,"pointblank:botiquin":1,"pointblank:vendaje":1,"minecraft:diamond_leggings":1,"pointblank:hmadeammo1":1,"minecraft:cobblestone":16,"minecraft:diamond_boots":1,"pointblank:jeringa":1,"minecraft:iron_axe":1,"minecraft:iron_pickaxe":1,"pointblank:pistol3":1,"pointblank:sniperammo1":1},"minecraft:broken":{"minecraft:diamond_helmet":1},"minecraft:picked_up":{"minecraft:chainmail_boots":1,"minecraft:cooked_beef":64,"pointblank:hmadeammo1":1,"pointblank:pistol1":4,"pointblank:shotgunammo1":385,"pointblank:pistol2":1,"pointblank:jeringa":1,"minecraft:chainmail_chestplate":1,"pointblank:shotgun2":1,"pointblank:shotgun1":2,"pointblank:pistolammo1":641,"pointblank:riffleammo1":1473,"pointblank:sniperammo1":129,"minecraft:iron_axe":3,"pointblank:sniper1":1,"pointblank:botiquin":1,"pointblank:pistol3":1,"minecraft:diamond_chestplate":4,"minecraft:wheat_seeds":4,"pointblank:vendaje":1,"huntrun_decorative:cubiertos":1,"minecraft:diamond_leggings":4,"minecraft:chainmail_leggings":1,"minecraft:diamond_boots":4,"pointblank:rifle2":2,"minecraft:golden_apple":70,"minecraft:chainmail_helmet":1,"minecraft:iron_pickaxe":3,"minecraft:diamond_helmet":4,"minecraft:baked_potato":256,"minecraft:enchanted_golden_apple":1,"minecraft:iron_sword":3,"pointblank:cantimplora":3,"minecraft:cobblestone":708},"minecraft:killed_by":{"minecraft:player":27},"minecraft:mined":{"minecraft:grass":11,"minecraft:white_stained_glass_pane":1,"minecraft:cobblestone":5},"minecraft:used":{"minecraft:iron_axe":14,"huntrun_decorative:cubiertos":1,"minecraft:iron_pickaxe":5,"minecraft:baked_potato":50,"minecraft:iron_sword":56,"minecraft:chainmail_helmet":1,"minecraft:cobblestone":270,"minecraft:golden_apple":19,"minecraft:chainmail_boots":1,"minecraft:chainmail_chestplate":1,"minecraft:cooked_beef":8,"minecraft:enchanted_golden_apple":1,"minecraft:chainmail_leggings":1}},"DataVersion":3337}