{
  "the_bumblezone:the_bumblezone/wiki": {
    "criteria": {
      "instant_granted": "2024-09-04 17:46:14 +0000"
    },
    "done": true
  },
  "the_bumblezone:the_bumblezone/root": {
    "criteria": {
      "instant_granted": "2024-09-04 17:46:14 +0000"
    },
    "done": true
  },
  "minecraft:recipes/redstone/dispenser": {
    "criteria": {
      "has_bow": "2024-09-04 17:51:49 +0000"
    },
    "done": true
  },
  "minecraft:adventure/adventuring_time": {
    "criteria": {
      "minecraft:forest": "2024-09-04 17:46:15 +0000",
      "minecraft:old_growth_birch_forest": "2024-09-04 17:52:18 +0000",
      "minecraft:plains": "2024-09-04 17:53:21 +0000"
    },
    "done": false
  },
  "DataVersion": 3120
}